run_id,run_name,project,modality,model,learning_rate,batch_size,epochs,epoch,Test_Balanced_Accuracy,Test_F1,Test_AUROC,Test_AP,Val_Balanced_Accuracy,Val_F1,Val_AUROC,Val_AP,wandb_notes
7245696343.70940-77282aa9-6808,resenc_VoCo_pretrained_t1c_2025-08-04_10-39-23,july_stratified_brats23_men_vs_met_single_t1c,T1c,ResEncoder_Classifier,8e-05,4,200,200.0,0.5,0.3418803513050079,0.9760135412216188,0.976402997970581,0.9608454704284668,0.9605194330215454,0.9868329763412476,0.9874098896980286,
7245875419.98126-15bc64d5-796f,resenc_time_conditioned_pretrained_t2f_2025-08-02_08-58-27,july_stratified_brats23_men_vs_met_single_t2f,T2f,ResEncTimeConditioned,8e-05,4,200,200.0,0.5,0.3245614171028137,0.9702702760696412,0.9699050188064576,0.9615384340286256,0.9605194330215454,0.9986139535903932,0.9986577033996582,
7245588083.66206-d9b64e37-df09,resenc_VoCo_pretrained_t1n_2025-08-05_16-43-52,july_stratified_brats23_men_vs_met_single_t1n,T1n,ResEncoder_Classifier,7e-05,4,180,180.0,0.5,0.3418803513050079,0.9685810804367064,0.9693551063537598,0.9615384340286256,0.9605194330215454,0.9916839599609376,0.9920216798782348,
7245875465.53184-7a3e8a35-19e3,resenc_time_conditioned_pretrained_t1n_2025-08-02_08-58-32,july_stratified_brats23_men_vs_met_single_t1n,T1n,ResEncTimeConditioned,8e-05,4,200,200.0,0.6875,0.6464646458625793,0.9655405282974244,0.9675551652908324,0.9230769276618958,0.9208333492279052,0.9993070363998412,0.9993239045143129,
7246051120.45694-f7e86eb3-5d58,resenc_MDAETrainer_RandomMask_Flow_BS48_2000ep_pretrained_t1c_2025-07-31_10-57-07,july_stratified_brats23_men_vs_met_single_t1c,T1c,ResEncoder_Classifier,2e-05,1,200,200.0,0.7124999761581421,0.6796889305114746,0.9648648500442504,0.9666114449501038,0.8953568935394287,0.8947368264198303,0.964656949043274,0.9659857749938964,
7245977425.59437-b6ee67f7-e713,resenc_MDAETrainer_RandomMask_Flow_BS48_2000ep_pretrained_t2f_2025-08-01_04-34-49,july_stratified_brats23_men_vs_met_single_t2f,T2f,ResEncoder_Classifier,2e-05,4,200,200.0,0.5,0.3418803513050079,0.9648648500442504,0.9639153480529784,0.8582813739776611,0.8540247678756714,0.9577269554138184,0.9568989276885986,
7245829114.22305-95ee743d-e43c,resenc_time_conditioned_pretrained_t2f_2025-08-02_21-46-32,july_stratified_brats23_men_vs_met_single_t2f,T2f,ResEncTimeConditioned,0.0001,4,200,200.0,0.5,0.3245614171028137,0.9641891717910768,0.9635074138641356,0.8839223980903625,0.8810641765594482,0.9670825004577636,0.9688252210617064,
7245607464.51493-05d9647b-7f63,resenc_multimodal_mm_mdae_pretrained_pretrained_t2f_2025-08-05_11-27-29,july_stratified_brats23_men_vs_met_single_t2f,T2f,ResEncoderMultiModal_Classifier,3e-05,4,200,200.0,0.5,0.3418803513050079,0.9641891717910768,0.961334466934204,0.909563422203064,0.907750964164734,0.9570339918136596,0.9482988715171814,
7246051015.51451-e85d46f6-55c8,resenc_multimodal_mm_mdae_pretrained_pretrained_t2f_2025-07-31_08-08-18,july_stratified_brats23_men_vs_met_single_t2f,T2f,ResEncoderMultiModal_Classifier,2e-05,4,100,100.0,0.5,0.3418803513050079,0.9635134935379028,0.9630898237228394,0.9223839044570924,0.92099791765213,0.975051999092102,0.9764211177825928,
7245917814.60849-9429b069-a23e,resenc_MDAETrainer_RandomMask_Flow_BS48_2000ep_pretrained_t2f_2025-08-01_21-08-09,july_stratified_brats23_men_vs_met_single_t2f,T2f,ResEncoder_Classifier,6e-05,4,200,200.0,0.7307432889938354,0.7193877696990967,0.9587838053703308,0.956614911556244,0.9102563858032228,0.907494306564331,0.9868329763412476,0.9875698685646056,
7245970718.10657-9c3d7d51-9b5a,resenc_time_conditioned_pretrained_t1c_2025-08-01_06-29-00,july_stratified_brats23_men_vs_met_single_t1c,T1c,ResEncTimeConditioned,0.0001,4,200,200.0,0.5,0.3245614171028137,0.9587838053703308,0.9590774774551392,0.8953568935394287,0.8947368264198303,0.9708939790725708,0.9715473651885986,
7246051096.67140-4fe40325-42d0,resenc_MDAETrainer_RandomMask_Flow_BS48_2000ep_pretrained_t2w_2025-07-31_10-54-45,july_stratified_brats23_men_vs_met_single_t2w,T2w,ResEncoder_Classifier,2e-05,1,200,200.0,0.512499988079071,0.3518238663673401,0.958783745765686,0.9597154855728148,0.9864864945411682,0.9868215322494508,1.0,1.0,
7245876184.42512-52846760-c3b6,resenc_MDAETrainer_RandomMask_Flow_BS48_2000ep_pretrained_t1c_2025-08-02_10-05-15,july_stratified_brats23_men_vs_met_single_t1c,T1c,ResEncoder_Classifier,8e-05,4,200,200.0,0.550000011920929,0.4272727370262146,0.9554054141044616,0.9584378004074096,0.9216909408569336,0.921052634716034,0.9729729890823364,0.9739564657211304,
7245588945.01120-ce4be922-2e56,resenc_multimodal_mm_mdae_pretrained_pretrained_t1c_2025-08-05_16-31-17,july_stratified_brats23_men_vs_met_single_t1c,T1c,ResEncoderMultiModal_Classifier,7e-05,4,180,180.0,0.5375000238418579,0.4031007885932922,0.9554054141044616,0.9580776691436768,0.8953568935394287,0.8947368264198303,0.9639639854431152,0.9654912948608398,
7246051080.81741-86472881-5893,resenc_MDAETrainer_RandomMask_Flow_BS48_2000ep_pretrained_t2f_2025-07-31_08-07-04,july_stratified_brats23_men_vs_met_single_t2f,T2f,ResEncoder_Classifier,2e-05,1,200,200.0,0.574999988079071,0.473027378320694,0.9540539979934692,0.9549023509025574,0.92099791765213,0.92099791765213,0.9819819927215576,0.9827193021774292,
7245973993.73307-416c7805-80a2,resenc_time_conditioned_pretrained_t2f_2025-08-01_05-37-05,july_stratified_brats23_men_vs_met_single_t2f,T2f,ResEncTimeConditioned,2e-05,1,200,200.0,0.5,0.3245614171028137,0.9540539979934692,0.9560906291007996,0.934511423110962,0.9341990947723388,0.99029803276062,0.9908047914505004,
7245916987.29784-62cf7286-8dea,resenc_time_conditioned_pretrained_t2w_2025-08-01_21-28-39,july_stratified_brats23_men_vs_met_single_t2w,T2w,ResEncTimeConditioned,6e-05,4,200,200.0,0.5,0.3245614171028137,0.9510135054588318,0.953728199005127,1.0,1.0,1.0,1.0,
7245969074.15327-6fb19f13-86e1,resenc_MDAETrainer_RandomMask_Flow_BS48_2000ep_pretrained_t1c_2025-08-01_06-54-48,july_stratified_brats23_men_vs_met_single_t1c,T1c,ResEncoder_Classifier,0.0001,4,200,200.0,0.800000011920929,0.7861111164093018,0.9506757259368896,0.9536328911781312,0.8562023639678955,0.8552380800247192,0.9168399572372437,0.9189407229423524,
7245873707.70670-7a32f55e-cc88,resenc_MDAETrainer_RandomMask_Flow_BS48_2000ep_pretrained_t1c_2025-08-02_09-23-30,july_stratified_brats23_men_vs_met_single_t1c,T1c,ResEncoder_Classifier,0.0001,4,200,200.0,0.800000011920929,0.7861111164093018,0.9506757259368896,0.9536328911781312,0.8562023639678955,0.8552380800247192,0.9168399572372437,0.9189407229423524,
7245995904.53424-8b8add50-1a3c,resenc_MDAETrainer_RandomMask_Flow_BS48_2000ep_pretrained_t2f_2025-07-31_23-26-34,july_stratified_brats23_men_vs_met_single_t2f,T2f,ResEncoder_Classifier,5e-05,4,200,200.0,0.841891884803772,0.8428571224212646,0.9506757259368896,0.940752387046814,0.9223839044570924,0.92099791765213,0.9632709622383118,0.9631906151771544,
7245589318.49355-c4a28d35-a237,resenc_MDAETrainer_RandomMask_Flow_BS48_2000ep_pretrained_t2f_2025-08-05_16-29-58,july_stratified_brats23_men_vs_met_single_t2f,T2f,ResEncoder_Classifier,7e-05,4,180,180.0,0.7317567467689514,0.7234195470809937,0.949324369430542,0.9390919208526612,0.8839223980903625,0.8810641765594482,0.9577269554138184,0.940959930419922,
7245588917.78739-2373b355-6344,resenc_multimodal_mm_mdae_pretrained_pretrained_t2f_2025-08-05_16-36-51,july_stratified_brats23_men_vs_met_single_t2f,T2f,ResEncoderMultiModal_Classifier,7e-05,4,180,180.0,0.7317567467689514,0.7234195470809937,0.949324369430542,0.9390919208526612,0.8839223980903625,0.8810641765594482,0.9577269554138184,0.940959930419922,
7246051136.46422-2c28afb8-f13f,resenc_MDAETrainer_RandomMask_Flow_BS48_2000ep_pretrained_t1n_2025-07-31_10-54-19,july_stratified_brats23_men_vs_met_single_t1n,T1n,ResEncoder_Classifier,2e-05,1,200,200.0,0.574999988079071,0.473027378320694,0.9493243098258972,0.9501051902770996,0.8690228462219238,0.8684210777282715,0.9064449071884156,0.8763736486434937,
7245873680.87734-46fe46f6-71fc,resenc_MDAETrainer_RandomMask_Flow_BS48_2000ep_pretrained_t2f_2025-08-02_09-29-59,july_stratified_brats23_men_vs_met_single_t2f,T2f,ResEncoder_Classifier,0.0001,4,200,200.0,0.6499999761581421,0.5935143232345581,0.9486486911773682,0.9490832686424256,0.908177375793457,0.9078788161277772,0.970201015472412,0.9720633029937744,
7245608345.51575-b165ac06-8424,resenc_MDAETrainer_RandomMask_Flow_BS48_2000ep_pretrained_t1n_2025-08-05_11-13-09,july_stratified_brats23_men_vs_met_single_t1n,T1n,ResEncoder_Classifier,3e-05,4,200,200.0,0.5,0.3418803513050079,0.9479730129241944,0.9425560235977172,0.8974359035491943,0.8940766453742981,0.9882189631462096,0.9889072179794312,
7245607506.17997-9132fc13-30a2,resenc_multimodal_mm_mdae_pretrained_pretrained_t1n_2025-08-05_11-28-11,july_stratified_brats23_men_vs_met_single_t1n,T1n,ResEncoderMultiModal_Classifier,3e-05,4,200,200.0,0.5,0.3418803513050079,0.9479730129241944,0.9425560235977172,0.8974359035491943,0.8940766453742981,0.9882189631462096,0.9889072179794312,
7245608185.17587-e9179f1a-9ca7,resenc_multimodal_mm_mdae_pretrained_pretrained_t1n_2025-08-05_11-17-10,july_stratified_brats23_men_vs_met_single_t1n,T1n,ResEncoderMultiModal_Classifier,3e-05,4,200,200.0,0.5,0.3418803513050079,0.9479730129241944,0.9425560235977172,0.8974359035491943,0.8940766453742981,0.9882189631462096,0.9889072179794312,
7245608615.45343-b9fa4fc1-6689,resenc_MDAETrainer_RandomMask_Flow_BS48_2000ep_pretrained_t1n_2025-08-05_11-08-27,july_stratified_brats23_men_vs_met_single_t1n,T1n,ResEncoder_Classifier,3e-05,4,200,200.0,0.5,0.3418803513050079,0.9479730129241944,0.9425560235977172,0.8974359035491943,0.8940766453742981,0.9882189631462096,0.9889072179794312,
7245876197.61032-d299dcbf-5934,resenc_MDAETrainer_RandomMask_Flow_BS48_2000ep_pretrained_t1n_2025-08-02_10-10-30,july_stratified_brats23_men_vs_met_single_t1n,T1n,ResEncoder_Classifier,8e-05,4,200,200.0,0.5625,0.4505606591701507,0.9459459781646729,0.947851538658142,0.9230769276618958,0.9208333492279052,0.9882189631462096,0.988825023174286,
7245917844.49583-2f0ea2fa-9ca1,resenc_MDAETrainer_RandomMask_Flow_BS48_2000ep_pretrained_t1c_2025-08-01_21-09-46,july_stratified_brats23_men_vs_met_single_t1c,T1c,ResEncoder_Classifier,6e-05,4,200,200.0,0.7037162184715271,0.686296284198761,0.945608139038086,0.9392699003219604,0.8825364112854004,0.8815584182739258,0.9466389417648317,0.9375180006027222,
7245969039.60955-49f45226-b294,resenc_MDAETrainer_RandomMask_Flow_BS48_2000ep_pretrained_t2f_2025-08-01_06-55-52,july_stratified_brats23_men_vs_met_single_t2f,T2f,ResEncoder_Classifier,0.0001,4,200,200.0,0.925000011920929,0.9219594597816468,0.945270299911499,0.9411159753799438,0.9487179517745972,0.9473319053649902,0.9660429954528807,0.9485891461372375,
7245608602.79339-d06dd6ff-c0e2,resenc_MDAETrainer_RandomMask_Flow_BS48_2000ep_pretrained_t1c_2025-08-05_11-08-21,july_stratified_brats23_men_vs_met_single_t1c,T1c,ResEncoder_Classifier,3e-05,4,200,200.0,0.5,0.3418803513050079,0.945270299911499,0.9227910041809082,0.9074844121932985,0.907750964164734,0.959805965423584,0.9602617025375366,
7245607490.81640-280e2738-44bd,resenc_multimodal_mm_mdae_pretrained_pretrained_t1c_2025-08-05_11-28-13,july_stratified_brats23_men_vs_met_single_t1c,T1c,ResEncoderMultiModal_Classifier,3e-05,4,200,200.0,0.5,0.3418803513050079,0.945270299911499,0.9227910041809082,0.9074844121932985,0.907750964164734,0.959805965423584,0.9602617025375366,
7245977460.83644-2d06464a-bd89,resenc_MDAETrainer_RandomMask_Flow_BS48_2000ep_pretrained_t1c_2025-08-01_04-34-07,july_stratified_brats23_men_vs_met_single_t1c,T1c,ResEncoder_Classifier,2e-05,4,200,200.0,0.5,0.3418803513050079,0.9445945620536804,0.9346166849136353,0.8839223980903625,0.8810641765594482,0.9577269554138184,0.9592772126197816,
7245995944.20706-013355f9-fabc,resenc_MDAETrainer_RandomMask_Flow_BS48_2000ep_pretrained_t1c_2025-07-31_23-32-26,july_stratified_brats23_men_vs_met_single_t1c,T1c,ResEncoder_Classifier,5e-05,4,200,200.0,0.6766892075538635,0.651583731174469,0.9439189434051514,0.9274734258651732,0.909563422203064,0.907750964164734,0.9643104076385498,0.9659929871559144,
7245873720.50565-6431d1e5-5dae,resenc_MDAETrainer_RandomMask_Flow_BS48_2000ep_pretrained_t1n_2025-08-02_09-30-01,july_stratified_brats23_men_vs_met_single_t1n,T1n,ResEncoder_Classifier,0.0001,4,200,200.0,0.762499988079071,0.7421118021011353,0.9425675868988036,0.9398896098136902,0.9615384340286256,0.9605194330215454,0.9944559335708618,0.994670271873474,
7245969086.98845-4d59ab6b-3fbf,resenc_MDAETrainer_RandomMask_Flow_BS48_2000ep_pretrained_t1n_2025-08-01_06-57-19,july_stratified_brats23_men_vs_met_single_t1n,T1n,ResEncoder_Classifier,0.0001,4,200,200.0,0.887499988079071,0.8824028968811035,0.941216230392456,0.9379513263702391,0.9615384340286256,0.9605194330215454,0.9972280263900756,0.99732506275177,
7246051045.31695-7db84eaa-fdaf,resenc_multimodal_mm_mdae_pretrained_pretrained_t1c_2025-07-31_08-07-46,july_stratified_brats23_men_vs_met_single_t1c,T1c,ResEncoderMultiModal_Classifier,2e-05,4,100,100.0,0.5,0.3418803513050079,0.941216230392456,0.9286444187164308,0.8548163175582886,0.855037271976471,0.929313898086548,0.9315185546875,
7245589359.98004-b25c1423-fbec,resenc_MDAETrainer_RandomMask_Flow_BS48_2000ep_pretrained_t1n_2025-08-05_16-29-52,july_stratified_brats23_men_vs_met_single_t1n,T1n,ResEncoder_Classifier,7e-05,4,180,180.0,0.9114865064620972,0.9090295433998108,0.9391891956329346,0.9308813810348512,0.8711018562316895,0.8675957918167114,0.9882189035415648,0.9889557361602784,
7246051029.64417-0b936bd1-1a20,resenc_multimodal_mm_mdae_pretrained_pretrained_t2w_2025-07-31_08-07-57,july_stratified_brats23_men_vs_met_single_t2w,T2w,ResEncoderMultiModal_Classifier,2e-05,4,100,100.0,0.5,0.3418803513050079,0.9378378391265868,0.9366117715835572,0.9743589758872986,0.9736841917037964,0.9958419799804688,0.996033787727356,
7245607477.68071-14413bfd-4b50,resenc_multimodal_mm_mdae_pretrained_pretrained_t2w_2025-08-05_11-27-10,july_stratified_brats23_men_vs_met_single_t2w,T2w,ResEncoderMultiModal_Classifier,3e-05,4,200,200.0,0.5,0.3418803513050079,0.9371621608734132,0.9345823526382446,0.9736659526824952,0.9736659526824952,0.9993070363998412,0.9993239045143129,
7245977439.59602-b5e3d22c-b8ee,resenc_MDAETrainer_RandomMask_Flow_BS48_2000ep_pretrained_t2w_2025-08-01_04-34-20,july_stratified_brats23_men_vs_met_single_t2w,T2w,ResEncoder_Classifier,2e-05,4,200,200.0,0.5,0.3418803513050079,0.9364864826202391,0.9296802282333374,0.9864864945411682,0.9868215322494508,0.9937629699707032,0.9941343069076538,
7245829127.55877-6ade02f7-2b53,resenc_time_conditioned_pretrained_t2w_2025-08-02_21-46-18,july_stratified_brats23_men_vs_met_single_t2w,T2w,ResEncTimeConditioned,0.0001,4,200,200.0,0.5,0.3245614171028137,0.9351351261138916,0.929806113243103,0.934511423110962,0.9341990947723388,0.9861400127410888,0.986961305141449,
7245970731.04528-2b440b0a-47f3,resenc_time_conditioned_pretrained_t1n_2025-08-01_06-35-41,july_stratified_brats23_men_vs_met_single_t1n,T1n,ResEncTimeConditioned,0.0001,4,200,200.0,0.5,0.3418803513050079,0.9351351261138916,0.9326659440994264,0.8839223980903625,0.8810641765594482,0.919611930847168,0.9260149598121644,
7245977473.87131-baf37406-7a97,resenc_MDAETrainer_RandomMask_Flow_BS48_2000ep_pretrained_t1n_2025-08-01_04-33-53,july_stratified_brats23_men_vs_met_single_t1n,T1n,ResEncoder_Classifier,2e-05,4,200,200.0,0.8374999761581421,0.8282724618911743,0.9347972869873048,0.9361194372177124,0.8967429399490356,0.894444465637207,0.9785169363021852,0.9790081977844238,
7245318456.01713-65419726-53fa,resenc_MDAE_pretrained_t2f_2025-08-08_19-42-58,july_stratified_brats23_men_vs_met_single_t2f,T2f,ResEncoder_Classifier,6e-05,4,200,200.0,0.7327702641487122,0.7269504070281982,0.9344594478607178,0.9227907657623292,0.8967429399490356,0.894444465637207,0.9722799062728882,0.9734642505645752,
7246051062.68044-9056de4e-cd2f,resenc_multimodal_mm_mdae_pretrained_pretrained_t1n_2025-07-31_08-07-26,july_stratified_brats23_men_vs_met_single_t1n,T1n,ResEncoderMultiModal_Classifier,2e-05,4,100,100.0,0.8500000238418579,0.8419972658157349,0.93310809135437,0.93445086479187,0.8825364112854004,0.8815584182739258,0.9591130018234252,0.9598170518875122,
7245697163.96905-7722e286-2c5b,resenc_SwinUNETR_pretrained_t2f_2025-08-04_10-25-39,july_stratified_brats23_men_vs_met_single_t2f,T2f,ResEncoder_Classifier,8e-05,4,200,200.0,0.5,0.3418803513050079,0.9317567348480223,0.9274343848228456,0.9615384340286256,0.9605194330215454,1.0,1.0,
7245318469.70323-2faf6d69-c120,resenc_MDAE_pretrained_t2w_2025-08-08_19-42-55,july_stratified_brats23_men_vs_met_single_t2w,T2w,ResEncoder_Classifier,6e-05,4,200,200.0,0.757770299911499,0.7510775923728943,0.9317567348480223,0.9104723930358888,0.9871795177459716,0.9868398308753968,1.0,1.0,
7245606125.28373-1344e927-936f,resenc_SwinUNETR_pretrained_t1c_2025-08-05_15-34-08,july_stratified_brats23_men_vs_met_single_t1c,T1c,ResEncoder_Classifier,3e-05,4,200,200.0,0.5,0.3418803513050079,0.9310810565948486,0.9230618476867676,0.9487179517745972,0.9473319053649902,0.9965349435806274,0.9966640472412108,
7245697201.29066-d10bff8f-0fdd,resenc_SwinUNETR_pretrained_t1c_2025-08-04_10-25-21,july_stratified_brats23_men_vs_met_single_t1c,T1c,ResEncoder_Classifier,8e-05,4,200,200.0,0.5,0.3418803513050079,0.9304053783416748,0.9217389822006226,0.9608454704284668,0.9605194330215454,0.9923770427703856,0.9926882982254028,
7245874549.76874-1e1485e2-1e15,resenc_pretrained_t1n_2025-08-02_09-09-20,july_stratified_brats23_men_vs_met_single_t1n,T1n,ResEncoder_Classifier,0.0001,4,200,200.0,0.5,0.3245614171028137,0.9290540218353271,0.9232012033462524,0.9871795177459716,0.9868398308753968,0.9993070363998412,0.9993239045143129,
7245586788.15987-fbb3cf4f-7a5c,resenc_SwinUNETR_pretrained_t1c_2025-08-05_17-11-29,july_stratified_brats23_men_vs_met_single_t1c,T1c,ResEncoder_Classifier,7e-05,4,180,180.0,0.5,0.3418803513050079,0.9270269870758056,0.9186617136001588,0.9743589758872986,0.9736841917037964,0.9965349435806274,0.9966635704040528,
7245970704.72297-721d3d78-3cde,resenc_time_conditioned_pretrained_t2w_2025-08-01_06-35-39,july_stratified_brats23_men_vs_met_single_t2w,T2w,ResEncTimeConditioned,0.0001,4,200,200.0,0.5,0.3245614171028137,0.9263513088226318,0.909257709980011,1.0,1.0,1.0,1.0,
7245589344.97266-a7f4e5ab-c098,resenc_MDAETrainer_RandomMask_Flow_BS48_2000ep_pretrained_t1c_2025-08-05_16-29-58,july_stratified_brats23_men_vs_met_single_t1c,T1c,ResEncoder_Classifier,7e-05,4,180,180.0,0.887499988079071,0.8824028968811035,0.9263513088226318,0.8991571664810181,0.8825364112854004,0.8815584182739258,0.9341649413108826,0.9232043027877808,
7245974857.93655-0b629c99-cd72,resenc_MDAETrainer_RandomMask_Flow_BS48_2000ep_pretrained_t1c_2025-08-01_05-17-41,july_stratified_brats23_men_vs_met_single_t1c,T1c,ResEncoder_Classifier,2e-05,1,200,200.0,0.637499988079071,0.5749095678329468,0.9256756901741028,0.9168137907981871,0.8562023639678955,0.8552380800247192,0.966042935848236,0.968299388885498,
7245829153.85660-78a42ee4-108e,resenc_time_conditioned_pretrained_t1n_2025-08-02_21-45-54,july_stratified_brats23_men_vs_met_single_t1n,T1n,ResEncTimeConditioned,0.0001,4,200,200.0,0.5,0.3245614171028137,0.9229729771614076,0.9191811680793762,0.8319473266601562,0.8274838328361511,0.9535689353942872,0.9555073976516724,
7245606111.58557-0333eda1-b1e8,resenc_SwinUNETR_pretrained_t2w_2025-08-05_15-40-57,july_stratified_brats23_men_vs_met_single_t2w,T2w,ResEncoder_Classifier,3e-05,4,200,200.0,0.5,0.3418803513050079,0.9175676107406616,0.9076952934265136,1.0,1.0,1.0,1.0,
7245995689.19720-4fec4c4c-0c42,resenc_time_conditioned_pretrained_t1c_2025-07-31_23-32-41,july_stratified_brats23_men_vs_met_single_t1c,T1c,ResEncTimeConditioned,5e-05,4,200,200.0,0.7864865064620972,0.773725152015686,0.9175676107406616,0.9218133687973022,0.908177375793457,0.9078788161277772,0.9341648817062378,0.9051179885864258,
7245697176.73717-1debad77-4b91,resenc_SwinUNETR_pretrained_t2w_2025-08-04_10-25-24,july_stratified_brats23_men_vs_met_single_t2w,T2w,ResEncoder_Classifier,8e-05,4,200,200.0,0.5,0.3418803513050079,0.9145269989967346,0.9013351202011108,0.9864864945411682,0.9868215322494508,1.0,1.0,
7245586774.33545-d1155552-0477,resenc_SwinUNETR_pretrained_t2w_2025-08-05_17-10-22,july_stratified_brats23_men_vs_met_single_t2w,T2w,ResEncoder_Classifier,7e-05,4,180,180.0,0.5,0.3418803513050079,0.911824345588684,0.9006528854370117,1.0,1.0,1.0,1.0,
7245606145.46079-f858be65-65ea,resenc_SwinUNETR_pretrained_t1n_2025-08-05_15-27-50,july_stratified_brats23_men_vs_met_single_t1n,T1n,ResEncoder_Classifier,3e-05,4,200,200.0,0.5,0.3418803513050079,0.9074324369430542,0.9025745391845704,0.9223839044570924,0.92099791765213,0.9923769235610962,0.99271559715271,
7245697216.55037-a64d826e-c6e6,resenc_SwinUNETR_pretrained_t1n_2025-08-04_10-24-48,july_stratified_brats23_men_vs_met_single_t1n,T1n,ResEncoder_Classifier,8e-05,4,200,200.0,0.5,0.3418803513050079,0.9050675630569458,0.900088906288147,0.9743589758872986,0.9736841917037964,0.9986139535903932,0.998653769493103,
7245586802.06283-b09209a2-866e,resenc_SwinUNETR_pretrained_t1n_2025-08-05_17-13-00,july_stratified_brats23_men_vs_met_single_t1n,T1n,ResEncoder_Classifier,7e-05,4,180,180.0,0.5,0.3418803513050079,0.9040540456771852,0.899600625038147,0.9480249881744384,0.9473684430122375,0.9916839599609376,0.992081582546234,
7245820297.17992-66ffac94-b54e,resenc_time_conditioned_pretrained_t2w_2025-08-03_02-19-37,july_stratified_brats23_men_vs_met_single_t2w,T2w,ResEncTimeConditioned,8e-05,4,200,200.0,0.6875,0.6464646458625793,0.9027026891708374,0.8866183757781982,0.9743589758872986,0.9736841917037964,0.9972280263900756,0.99732506275177,
7245318482.87261-798d90d8-7602,resenc_MDAE_pretrained_t1c_2025-08-08_19-43-02,july_stratified_brats23_men_vs_met_single_t1c,T1c,ResEncoder_Classifier,6e-05,4,200,200.0,0.6364865303039551,0.5828507542610168,0.8945945501327515,0.900705099105835,0.8697158694267273,0.8683298826217651,0.9553014039993286,0.956889271736145,
7245319319.70338-10b5e995-2fb7,resenc_MDAE_pretrained_t1c_2025-08-08_19-24-05,july_stratified_brats23_men_vs_met_single_t1c,T1c,ResEncoder_Classifier,6e-05,4,200,200.0,0.6364865303039551,0.5828507542610168,0.8925676345825195,0.8990225791931152,0.8953568935394287,0.8947368264198303,0.9653500318527222,0.9678174257278442,
7245717962.06717-8f70850d-9821,brainmvp_pretrained_t1n_2025-08-04_04-39-22,july_stratified_brats23_men_vs_met_single_t1n,T1n,brainmvp,6e-05,4,200,200.0,0.6902027130126953,0.6691575050354004,0.8878378868103027,0.8923898339271545,0.5595980882644653,0.5368421077728271,0.5765765905380249,0.606843888759613,
7246051587.22205-df5d5424-2c54,brainmvp_pretrained_t1c_2025-07-31_08-04-58,july_stratified_brats23_men_vs_met_single_t1c,T1c,brainmvp,2e-05,4,100,100.0,0.6766892075538635,0.651583731174469,0.8729729652404785,0.8644387722015381,0.7331947088241577,0.7301136255264282,0.8419958353042603,0.8294276595115662,
7245589756.70355-799f560c-07c2,resenc_pretrained_t2w_2025-08-05_16-24-09,july_stratified_brats23_men_vs_met_single_t2w,T2w,ResEncoder_Classifier,7e-05,4,180,180.0,0.6114864945411682,0.5455930233001709,0.8689188957214355,0.8705158233642578,1.0,1.0,1.0,1.0,
7245971494.05809-944a6c3c-3f2f,brainmvp_pretrained_t2w_2025-08-01_06-20-08,july_stratified_brats23_men_vs_met_single_t2w,T2w,brainmvp,0.0001,4,100,100.0,0.5,0.3245614171028137,0.8608108162879944,0.861569881439209,0.4934164881706238,0.4627976417541504,0.6063755750656128,0.6269569396972656,
7246051424.08945-8c197b18-db1a,dinov2_pretrained_t1c_2025-07-31_11-02-57,july_stratified_brats23_men_vs_met_single_t1c,T1c,dinov2,2e-05,1,50,100.0,0.6229729652404785,0.5722222328186035,0.8277026414871216,0.8360294103622437,0.9743589758872986,0.9736841917037964,0.9972280263900756,0.9973219037055968,
7245875451.58962-22a6fdd8-4b16,resenc_time_conditioned_pretrained_t1c_2025-08-02_08-58-48,july_stratified_brats23_men_vs_met_single_t1c,T1c,ResEncTimeConditioned,8e-05,4,200,200.0,0.637499988079071,0.5749095678329468,0.8246622085571289,0.8320603370666504,0.9352044463157654,0.9341990947723388,0.9764379262924194,0.9771072864532472,
7245607335.94079-f9130551-8e9c,resenc_VoCo_pretrained_t2f_2025-08-05_11-30-53,july_stratified_brats23_men_vs_met_single_t2f,T2f,ResEncoder_Classifier,3e-05,4,200,200.0,0.6489864587783813,0.6007407903671265,0.8189189434051514,0.8162184953689575,0.9487179517745972,0.9473319053649902,0.9961885213851928,0.995997190475464,
7245913852.98332-6a761f9c-7beb,brainiac_pretrained_t2f_2025-08-01_22-14-13,july_stratified_brats23_men_vs_met_single_t2f,T2f,brainiac,6e-05,4,200,200.0,0.5625,0.4505606591701507,0.8168919086456299,0.831814706325531,0.9487179517745972,0.9473319053649902,0.984753966331482,0.9856576919555664,
7245696317.04690-16dbc6af-f0f7,resenc_VoCo_pretrained_t2f_2025-08-04_10-39-42,july_stratified_brats23_men_vs_met_single_t2f,T2f,ResEncoder_Classifier,8e-05,4,200,200.0,0.5625,0.4505606591701507,0.8043918609619141,0.8174030780792236,0.9230769276618958,0.9208333492279052,0.9889119863510132,0.989112377166748,
7245588494.44096-ec27d38e-79ac,resenc_time_conditioned_pretrained_t1c_2025-08-05_16-39-47,july_stratified_brats23_men_vs_met_single_t1c,T1c,ResEncTimeConditioned,7e-05,4,180,180.0,0.7233108282089233,0.7225939035415649,0.8040540218353271,0.792487621307373,0.9216909408569336,0.921052634716034,0.9736659526824952,0.9755042791366576,
7245974011.81347-e75bcead-c14d,resenc_time_conditioned_pretrained_t2w_2025-08-01_05-37-02,july_stratified_brats23_men_vs_met_single_t2w,T2w,ResEncTimeConditioned,2e-05,1,200,200.0,0.6564189195632935,0.6406223177909851,0.8040540218353271,0.807710587978363,1.0,1.0,1.0,1.0,
7245585961.45544-8207b8f2-51c6,resenc_MG_pretrained_t1c_2025-08-05_17-23-19,july_stratified_brats23_men_vs_met_single_t1c,T1c,ResEncoder_Classifier,7e-05,4,180,180.0,0.6344594359397888,0.5961294770240784,0.8013513088226318,0.8155338764190674,0.9487179517745972,0.9473319053649902,0.9539154767990112,0.9516407251358032,
7245463162.20845-ecb5da81-8a4f,eva_vf_pretrained_t1c_2025-08-07_03-43-39,july_stratified_brats23_men_vs_met_single_t1c,T1c,Eva_MAE,0.0001,2,200,200.0,0.6625000238418579,0.6116196513175964,0.7962838411331177,0.8123742341995239,0.9608454704284668,0.9605194330215454,0.9937629699707032,0.9941457509994508,
7245826609.21992-2213b170-95ff,resenc_time_conditioned_pretrained_t2f_2025-08-02_22-37-37,july_stratified_brats23_men_vs_met_single_t2f,T2f,ResEncTimeConditioned,6e-05,4,200,200.0,0.5989865064620972,0.5261538624763489,0.7895270586013794,0.8008455634117126,1.0,1.0,1.0,1.0,
7246051454.98104-e3f1901e-e731,dinov2_pretrained_t1n_2025-07-31_10-53-24,july_stratified_brats23_men_vs_met_single_t1n,T1n,dinov2,2e-05,1,50,100.0,0.5,0.3245614171028137,0.7885135412216187,0.7993838787078857,1.0,1.0,1.0,1.0,
7245319298.41265-b936c826-ea5a,resenc_MDAE_pretrained_t2w_2025-08-08_19-25-12,july_stratified_brats23_men_vs_met_single_t2w,T2w,ResEncoder_Classifier,6e-05,4,200,200.0,0.6000000238418579,0.5157232880592346,0.7844594717025757,0.7972718477249146,0.9743589758872986,0.9736841917037964,1.0,1.0,
7245971481.69693-e095246d-7d4e,brainmvp_pretrained_t2f_2025-08-01_06-18-20,july_stratified_brats23_men_vs_met_single_t2f,T2f,brainmvp,0.0001,4,100,100.0,0.5,0.3245614171028137,0.7841216325759888,0.7393151521682739,0.5592515468597412,0.5260455012321472,0.717255711555481,0.6978438496589661,
7245717948.82953-69e6d694-8122,brainmvp_pretrained_t1c_2025-08-04_04-42-51,july_stratified_brats23_men_vs_met_single_t1c,T1c,brainmvp,6e-05,4,200,200.0,0.5540540814399719,0.4515432715415954,0.7797297239303589,0.7847051620483398,0.6264726519584656,0.6144927740097046,0.7616077661514282,0.7502037286758423,
7246051250.15862-fc1bf126-69b9,mri_core_pretrained_t1c_2025-07-31_08-05-52,july_stratified_brats23_men_vs_met_single_t1c,T1c,MRICore,2e-05,1,100,100.0,0.6114864945411682,0.5455930233001709,0.7756756544113159,0.7887265682220459,0.5228690505027771,0.4428373277187347,0.6836451888084412,0.6663334369659424,
7245739496.66808-61ca2dfb-4c72,mri_core_pretrained_t1c_2025-08-03_22-48-07,july_stratified_brats23_men_vs_met_single_t1c,T1c,MRICore,0.0001,1,100,100.0,0.5,0.3245614171028137,0.7749999761581421,0.7690877914428711,0.6638946533203125,0.6420289874076843,0.7789327502250671,0.790855348110199,
7245607349.05643-1b8b1a49-fbdf,resenc_VoCo_pretrained_t2w_2025-08-05_11-30-54,july_stratified_brats23_men_vs_met_single_t2w,T2w,ResEncoder_Classifier,3e-05,4,200,200.0,0.6114864945411682,0.5455930233001709,0.7736486196517944,0.791649341583252,0.9608454704284668,0.9605194330215454,0.9986140131950378,0.9986577033996582,
7245463080.36822-8579e9fe-765a,eva_mg_pretrained_t2f_2025-08-07_03-34-47,july_stratified_brats23_men_vs_met_single_t2f,T2f,Eva_MAE,0.0001,2,200,200.0,0.5364865064620972,0.4191641211509704,0.7719594240188599,0.7563143968582153,0.9088703989982604,0.9078788161277772,0.9632710218429564,0.9638429880142212,
7245375613.14533-8b11912d-3e3c,dinov2_fb_pretrained_t2f_2025-08-08_09-25-25,july_stratified_brats23_men_vs_met_single_t2f,T2f,dinov2_fb,5e-05,1,50,200.0,0.5,0.3245614171028137,0.7695945501327515,0.7966710329055786,0.6493416428565979,0.6125490069389343,0.7886347770690918,0.8014901876449585,
7245320096.24938-59a45899-57a3,resenc_MDAE_pretrained_t2f_2025-08-08_19-17-40,july_stratified_brats23_men_vs_met_single_t2f,T2f,ResEncoder_Classifier,6e-05,4,200,200.0,0.5874999761581421,0.4947305321693421,0.7682431936264038,0.7844120264053345,0.8839223980903625,0.8810641765594482,0.9743589162826538,0.9760558605194092,
7245973118.98913-b3628ce7-7a18,brainiac_pretrained_t2f_2025-08-01_05-46-19,july_stratified_brats23_men_vs_met_single_t2f,T2f,brainiac,0.0001,4,100,100.0,0.5364865064620972,0.4191641211509704,0.7679053544998169,0.7647043466567993,0.7948718070983887,0.7820788621902466,0.9611920118331908,0.9644243717193604,
7245974823.63799-6f85c1e8-023c,resenc_MDAETrainer_RandomMask_Flow_BS48_2000ep_pretrained_t2f_2025-08-01_05-18-31,july_stratified_brats23_men_vs_met_single_t2f,T2f,ResEncoder_Classifier,2e-05,1,200,200.0,0.6000000238418579,0.5157232880592346,0.7648649215698242,0.7891339063644409,0.9480249881744384,0.9473684430122375,0.9875259399414062,0.987688422203064,
7245971507.59566-e4d327c5-3328,brainmvp_pretrained_t1c_2025-08-01_06-23-37,july_stratified_brats23_men_vs_met_single_t1c,T1c,brainmvp,0.0001,4,100,100.0,0.5,0.3418803513050079,0.7648648023605347,0.786081075668335,0.6237006187438965,0.5907692313194275,0.7387387752532959,0.7280184626579285,
7245463126.50297-bed27d8d-257f,eva_mg_pretrained_t1c_2025-08-07_03-34-55,july_stratified_brats23_men_vs_met_single_t1c,T1c,Eva_MAE,0.0001,2,200,200.0,0.6418918967247009,0.6313269734382629,0.7645270228385925,0.7766069173812866,0.8825364112854004,0.8815584182739258,0.9015939235687256,0.903377652168274,
7245463150.53104-73812f7e-3565,eva_mg_pretrained_t1n_2025-08-07_03-34-59,july_stratified_brats23_men_vs_met_single_t1n,T1n,Eva_MAE,0.0001,2,200,200.0,0.5469594597816467,0.4669230580329895,0.7581081390380859,0.749295711517334,0.7515592575073242,0.7496098279953003,0.8759528398513794,0.8734438419342041,
7245695544.98057-0e1a0f4f-2054,resenc_SimCLR_pretrained_t2f_2025-08-04_11-00-47,july_stratified_brats23_men_vs_met_single_t2f,T2f,ResEncoder_Classifier,8e-05,4,200,200.0,0.6324324607849121,0.6063810586929321,0.7567567825317383,0.7763612866401672,1.0,1.0,1.0,1.0,
7245717935.33117-4c4c5515-e2ef,brainmvp_pretrained_t2w_2025-08-04_04-40-10,july_stratified_brats23_men_vs_met_single_t2w,T2w,brainmvp,6e-05,4,200,200.0,0.6604729890823364,0.6239826679229736,0.7567567825317383,0.7579039931297302,0.7096327543258667,0.7097222208976746,0.757449746131897,0.7779945135116577,
7245739133.51106-252a258f-2af1,resenc_pretrained_t2w_2025-08-03_22-47-10,july_stratified_brats23_men_vs_met_single_t2w,T2w,ResEncoder_Classifier,8e-05,4,200,200.0,0.5969594717025757,0.5437036752700806,0.7564189434051514,0.7679414749145508,1.0,1.0,1.0,1.0,
7245318497.21456-d87aeee3-1c3b,resenc_MDAE_pretrained_t1n_2025-08-08_19-42-49,july_stratified_brats23_men_vs_met_single_t1n,T1n,ResEncoder_Classifier,6e-05,4,200,200.0,0.5614864826202393,0.4641081690788269,0.7506756782531738,0.7633441686630249,0.8711018562316895,0.8675957918167114,0.924462914466858,0.9289957284927368,
7245824407.38249-1c5fb5fe-998c,resenc_time_conditioned_pretrained_t2w_2025-08-02_23-12-14,july_stratified_brats23_men_vs_met_single_t2w,T2w,ResEncTimeConditioned,2e-05,4,200,200.0,0.5625,0.4505606591701507,0.7479729652404785,0.7696409225463867,1.0,1.0,1.0,1.0,
7245609152.11757-4f592122-0889,resenc_pretrained_t1c_2025-08-05_10-53-28,july_stratified_brats23_men_vs_met_single_t1c,T1c,ResEncoder_Classifier,3e-05,4,200,200.0,0.6604729890823364,0.6239826679229736,0.7472972869873047,0.7230038642883301,0.9743589758872986,0.9736841917037964,0.9986139535903932,0.998653769493103,
7245973152.34434-9122029e-d66f,brainiac_pretrained_t1c_2025-08-01_05-46-37,july_stratified_brats23_men_vs_met_single_t1c,T1c,brainiac,0.0001,4,100,100.0,0.6469594240188599,0.6127873659133911,0.7439188957214355,0.7541337609291077,0.8191268444061279,0.813725471496582,0.9331254363059998,0.9357136487960817,
7245824420.45840-e114161b-dfb1,resenc_time_conditioned_pretrained_t1c_2025-08-02_23-11-35,july_stratified_brats23_men_vs_met_single_t1c,T1c,ResEncTimeConditioned,2e-05,4,200,200.0,0.6689189076423645,0.6553030014038086,0.7425675392150879,0.7484314441680908,0.908177375793457,0.9078788161277772,0.9805959463119508,0.9819056987762452,
7246051657.11812-a88adfd1-2d0b,brainiac_scratch_t1c_2025-07-31_08-05-33,july_stratified_brats23_men_vs_met_single_t1c,T1c,brainiac,2e-05,4,100,100.0,0.6361486911773682,0.5959183573722839,0.7412161827087402,0.7360969185829163,0.5679140686988831,0.5639019012451172,0.5800416469573975,0.5975267291069031,
7245464437.08852-0f70b5be-460d,eva_mae_pretrained_t1c_2025-08-07_03-10-28,july_stratified_brats23_men_vs_met_single_t1c,T1c,Eva_MAE,0.0001,2,200,200.0,0.6189188957214355,0.5950210094451904,0.7358107566833496,0.7483066916465759,0.908177375793457,0.9078788161277772,0.944559931755066,0.947743833065033,
7245586401.77549-d1da2d48-76c9,resenc_S3D_pretrained_t1n_2025-08-05_17-11-58,july_stratified_brats23_men_vs_met_single_t1n,T1n,ResEncoder_Classifier,7e-05,4,180,180.0,0.6114864945411682,0.5455930233001709,0.7297297716140747,0.7588426470756531,0.9615384340286256,0.9605194330215454,1.0,1.0,
7245719368.23451-74129289-7837,brainiac_pretrained_t2f_2025-08-04_04-24-07,july_stratified_brats23_men_vs_met_single_t2f,T2f,brainiac,6e-05,4,200,200.0,0.574999988079071,0.473027378320694,0.7290540933609009,0.7288401126861572,0.807692289352417,0.7966827154159546,0.9681219458580016,0.9706166982650756,
7245915118.27067-29e82424-fb48,mri_core_pretrained_t1c_2025-08-01_21-58-10,july_stratified_brats23_men_vs_met_single_t1c,T1c,MRICore,6e-05,4,200,200.0,0.6638513803482056,0.6622806787490845,0.7290540933609009,0.7423052191734314,0.7602217197418213,0.7589852213859558,0.8413028717041016,0.8376152515411377,
7245606688.89355-0d543a9e-2c8c,resenc_time_conditioned_pretrained_t1c_2025-08-05_11-34-52,july_stratified_brats23_men_vs_met_single_t1c,T1c,ResEncTimeConditioned,3e-05,4,200,200.0,0.6094594597816467,0.5616161823272705,0.7250000238418579,0.7142311334609985,0.9487179517745972,0.9473319053649902,0.9788634777069092,0.9790090322494508,
7245588052.95932-998d1a3b-e254,resenc_VoCo_pretrained_t2w_2025-08-05_16-52-30,july_stratified_brats23_men_vs_met_single_t2w,T2w,ResEncoder_Classifier,7e-05,4,180,180.0,0.5969594717025757,0.5437036752700806,0.716891884803772,0.7378705739974976,0.9864864945411682,0.9868215322494508,0.9993070363998412,0.9993239045143129,
7245918692.88481-36269052-4744,resenc_pretrained_t1c_2025-08-01_20-59-43,july_stratified_brats23_men_vs_met_single_t1c,T1c,ResEncoder_Classifier,6e-05,4,200,200.0,0.6229729652404785,0.5722222328186035,0.7131756544113159,0.7454214096069336,0.9871795177459716,0.9868398308753968,1.0,1.0,
7245914273.25415-3e12a8ef-2155,brainmvp_pretrained_t2w_2025-08-01_22-07-24,july_stratified_brats23_men_vs_met_single_t2w,T2w,brainmvp,6e-05,4,200,200.0,0.6304054260253906,0.6140017509460449,0.7114865183830261,0.7201904058456421,0.6739431619644165,0.6682381629943848,0.7130976915359497,0.7254914045333862,
7245826648.67032-e682d2db-86c5,resenc_time_conditioned_pretrained_t1n_2025-08-02_22-37-58,july_stratified_brats23_men_vs_met_single_t1n,T1n,ResEncTimeConditioned,6e-05,4,200,200.0,0.6229729652404785,0.5722222328186035,0.7104729413986206,0.7326793670654297,0.9864864945411682,0.9868215322494508,1.0,1.0,
7245913897.39249-011ed15b-ddec,brainiac_pretrained_t1n_2025-08-01_22-13-37,july_stratified_brats23_men_vs_met_single_t1n,T1n,brainiac,6e-05,4,200,200.0,0.5625,0.4505606591701507,0.708108127117157,0.7262336015701294,0.8974359035491943,0.8940766453742981,0.9833679795265198,0.9826194047927856,
7245824394.03011-812d43b4-5b49,resenc_time_conditioned_pretrained_t2f_2025-08-02_23-12-15,july_stratified_brats23_men_vs_met_single_t2f,T2f,ResEncTimeConditioned,2e-05,4,200,200.0,0.620945930480957,0.5851293206214905,0.7074323892593384,0.69349205493927,0.9864864945411682,0.9868215322494508,0.9993069767951964,0.999323844909668,
7245972339.77284-7f0837f5-f5d3,mri_core_pretrained_t1n_2025-08-01_06-09-09,july_stratified_brats23_men_vs_met_single_t1n,T1n,MRICore,0.0001,1,100,100.0,0.5,0.3418803513050079,0.7070945501327515,0.69532310962677,0.5,0.3274336159229278,0.3607068657875061,0.4358453154563904,
7245320124.74041-8cf46ccf-d533,resenc_MDAE_pretrained_t1c_2025-08-08_19-10-25,july_stratified_brats23_men_vs_met_single_t1c,T1c,ResEncoder_Classifier,6e-05,4,200,200.0,0.5989865064620972,0.5261538624763489,0.7060810327529907,0.7354329824447632,0.8683298826217651,0.8683298826217651,0.9265419244766236,0.9217453002929688,
7245875438.86828-74891618-4566,resenc_time_conditioned_pretrained_t2w_2025-08-02_08-58-36,july_stratified_brats23_men_vs_met_single_t2w,T2w,ResEncTimeConditioned,8e-05,4,200,200.0,0.5,0.3245614171028137,0.7027027606964111,0.7157622575759888,1.0,1.0,1.0,1.0,
7245995701.82529-5515dfc7-1d85,resenc_time_conditioned_pretrained_t1n_2025-07-31_23-37-52,july_stratified_brats23_men_vs_met_single_t1n,T1n,ResEncTimeConditioned,5e-05,4,200,200.0,0.5814188718795776,0.5466547608375549,0.7020270824432373,0.7268306016921997,0.9871795177459716,0.9868398308753968,1.0,1.0,
7245913865.87780-ab8a932b-d1cc,brainiac_pretrained_t2w_2025-08-01_22-13-57,july_stratified_brats23_men_vs_met_single_t2w,T2w,brainiac,6e-05,4,200,200.0,0.574999988079071,0.473027378320694,0.6959459781646729,0.7310357093811035,0.9743589758872986,0.9736841917037964,1.0,1.0,
7246050997.67535-a2f17ee0-aaf9,resenc_time_conditioned_pretrained_t1n_2025-07-31_08-08-38,july_stratified_brats23_men_vs_met_single_t1n,T1n,ResEncTimeConditioned,2e-05,1,200,200.0,0.5864865183830261,0.5061224699020386,0.6942567825317383,0.7112323045730591,0.9743589758872986,0.9736841917037964,0.9979209899902344,0.997987985610962,
7245320109.77939-bb33dae7-949f,resenc_MDAE_pretrained_t2w_2025-08-08_19-11-00,july_stratified_brats23_men_vs_met_single_t2w,T2w,ResEncoder_Classifier,6e-05,4,200,200.0,0.5729729533195496,0.4965384602546692,0.6939189434051514,0.7129032015800476,1.0,1.0,1.0,1.0,
7245587658.11197-1f2b114d-36fe,resenc_SimCLR_pretrained_t1c_2025-08-05_16-56-37,july_stratified_brats23_men_vs_met_single_t1c,T1c,ResEncoder_Classifier,7e-05,4,180,180.0,0.6094594597816467,0.5616161823272705,0.6935811042785645,0.7220281362533569,0.9608454704284668,0.9605194330215454,0.9944560527801514,0.9946867823600768,
7245914286.20417-4158646f-b96e,brainmvp_pretrained_t1c_2025-08-01_22-06-58,july_stratified_brats23_men_vs_met_single_t1c,T1c,brainmvp,6e-05,4,200,200.0,0.6222972869873047,0.6223574876785278,0.6932432651519775,0.6927385330200195,0.6448371410369873,0.6446753144264221,0.7616077661514282,0.7603225708007812,
7245976648.13524-8144645e-f36b,resenc_time_conditioned_pretrained_t1c_2025-08-01_06-20-57,july_stratified_brats23_men_vs_met_single_t1c,T1c,ResEncTimeConditioned,2e-05,4,200,200.0,0.6469594240188599,0.6127873659133911,0.6922297477722168,0.692893385887146,0.9223839044570924,0.92099791765213,0.9771310091018676,0.9783772230148317,
7245914669.07624-fe1946f5-b931,dinov2_pretrained_t2f_2025-08-01_22-01-08,july_stratified_brats23_men_vs_met_single_t2f,T2f,dinov2,6e-05,4,50,200.0,0.6229729652404785,0.5722222328186035,0.6902027130126953,0.7212199568748474,0.7428967952728271,0.7246376872062683,0.8336798548698425,0.8431286215782166,
7245826635.74110-af8ec24c-7f8b,resenc_time_conditioned_pretrained_t1c_2025-08-02_22-37-45,july_stratified_brats23_men_vs_met_single_t1c,T1c,ResEncTimeConditioned,6e-05,4,200,200.0,0.5979729890823364,0.535444974899292,0.6898648738861084,0.6781274676322937,0.9223839044570924,0.92099791765213,0.979902982711792,0.981125831604004,
7245719308.05123-de1946f9-63a6,brainiac_scratch_t2w_2025-08-04_04-24-21,july_stratified_brats23_men_vs_met_single_t2w,T2w,brainiac,6e-05,4,200,200.0,0.6513513326644897,0.6491138935089111,0.6885135173797607,0.6891220808029175,0.7508662939071655,0.7499567270278931,0.8031878471374512,0.7862674593925476,
7245970691.88174-40ce883b-19de,resenc_time_conditioned_pretrained_t2f_2025-08-01_06-29-15,july_stratified_brats23_men_vs_met_single_t2f,T2f,ResEncTimeConditioned,0.0001,4,200,200.0,0.5625,0.4505606591701507,0.6878378391265869,0.7167041301727295,0.9216909408569336,0.921052634716034,0.9722799062728882,0.9706199169158936,
7245974025.49269-419f3bbe-defd,resenc_time_conditioned_pretrained_t1c_2025-08-01_05-36-58,july_stratified_brats23_men_vs_met_single_t1c,T1c,ResEncTimeConditioned,2e-05,1,200,200.0,0.608445942401886,0.5682763457298279,0.6878378391265869,0.726433515548706,0.92099791765213,0.92099791765213,0.984753966331482,0.9854979515075684,
7245588039.23799-9b49f646-9c53,resenc_VoCo_pretrained_t2f_2025-08-05_16-52-00,july_stratified_brats23_men_vs_met_single_t2f,T2f,ResEncoder_Classifier,7e-05,4,180,180.0,0.612500011920929,0.5360544323921204,0.6868243217468262,0.6757313013076782,0.9871795177459716,0.9868398308753968,0.9972279667854308,0.99732506275177,
7245913878.93453-891beaea-7096,brainiac_pretrained_t1c_2025-08-01_22-13-40,july_stratified_brats23_men_vs_met_single_t1c,T1c,brainiac,6e-05,4,200,200.0,0.5854729413986206,0.5162764191627502,0.6864864826202393,0.6881110668182373,0.8582813739776611,0.8540247678756714,0.9736659526824952,0.9757199287414552,
7245198523.75706-ce813eff-40c1,resenc_VoCo_pretrained_t2w_2025-08-10_05-01-03,july_stratified_brats23_men_vs_met_single_t2w,T2w,ResEncoder_Classifier,7e-05,4,180,180.0,0.5614864826202393,0.4641081690788269,0.6864864826202393,0.6955922842025757,0.9729729890823364,0.9736111164093018,1.0,1.0,
7245193273.53413-03262733-3214,resenc_VoCo_pretrained_t2w_2025-08-10_06-21-06,july_stratified_brats23_men_vs_met_single_t2w,T2w,ResEncoder_Classifier,7e-05,4,180,180.0,0.5614864826202393,0.4641081690788269,0.6864864826202393,0.6955922842025757,0.9729729890823364,0.9736111164093018,1.0,1.0,
7245914697.14381-a383d3ec-697b,dinov2_pretrained_t1c_2025-08-01_22-00-15,july_stratified_brats23_men_vs_met_single_t1c,T1c,dinov2,6e-05,4,50,200.0,0.6229729652404785,0.5722222328186035,0.6844594478607178,0.6936713457107544,0.6081081032752991,0.5422637462615967,0.7602217197418213,0.7763879895210266,
7245465661.71429-7c3be2fa-188d,eva_mdae_pretrained_t2f_2025-08-07_02-44-11,july_stratified_brats23_men_vs_met_single_t2f,T2f,Eva_MAE,0.0001,2,200,200.0,0.6354729533195496,0.5898990035057068,0.6827702522277832,0.6835595369338989,0.8440748453140259,0.8416666984558105,0.9306999444961548,0.9342657327651978,
7245585947.64113-7fe3cc42-6db0,resenc_MG_pretrained_t2w_2025-08-05_17-23-19,july_stratified_brats23_men_vs_met_single_t2w,T2w,ResEncoder_Classifier,7e-05,4,180,180.0,0.6104729771614075,0.5540817975997925,0.678716242313385,0.69038987159729,1.0,1.0,1.0,1.0,
7245971521.93084-66ac6304-33bf,brainmvp_pretrained_t1n_2025-08-01_06-17-53,july_stratified_brats23_men_vs_met_single_t1n,T1n,brainmvp,0.0001,4,100,100.0,0.5,0.3245614171028137,0.6787161827087402,0.694319486618042,0.5239085555076599,0.5210084319114685,0.5654885768890381,0.5842721462249756,
7245694752.01614-772ef3eb-81ca,resenc_MG_pretrained_t2f_2025-08-04_11-13-10,july_stratified_brats23_men_vs_met_single_t2f,T2f,ResEncoder_Classifier,8e-05,4,200,200.0,0.6000000238418579,0.5157232880592346,0.6780405044555664,0.6893978714942932,1.0,1.0,1.0,1.0,
7245739483.87886-e4b8d1be-e2ed,mri_core_pretrained_t2w_2025-08-03_22-46-56,july_stratified_brats23_men_vs_met_single_t2w,T2w,MRICore,0.0001,1,100,100.0,0.5,0.3418803513050079,0.6746621131896973,0.6487135291099548,0.5,0.3274336159229278,0.3731808662414551,0.4370236992835998,
7245972314.44162-3c517cb9-cb1d,mri_core_pretrained_t2w_2025-08-01_06-12-16,july_stratified_brats23_men_vs_met_single_t2w,T2w,MRICore,0.0001,1,100,100.0,0.5,0.3418803513050079,0.6746621131896973,0.6487135291099548,0.6084545850753784,0.6008403301239014,0.6625086665153503,0.6730297803878784,
7246051233.42213-f1c20a33-d047,mri_core_pretrained_t2w_2025-07-31_08-11-36,july_stratified_brats23_men_vs_met_single_t2w,T2w,MRICore,2e-05,1,100,100.0,0.5,0.3418803513050079,0.6736487150192261,0.6762418746948242,0.5128205418586731,0.3553571403026581,0.7217602133750916,0.7419666051864624,
7245914259.51847-f2574b4d-4ab4,brainmvp_pretrained_t2f_2025-08-01_22-07-44,july_stratified_brats23_men_vs_met_single_t2f,T2f,brainmvp,6e-05,4,200,200.0,0.5,0.3245614171028137,0.6736485958099365,0.6636013984680176,0.5966736078262329,0.5529412031173706,0.6680526733398438,0.6481443643569946,
7245973131.93310-e0456ffc-518c,brainiac_pretrained_t2w_2025-08-01_05-46-03,july_stratified_brats23_men_vs_met_single_t2w,T2w,brainiac,0.0001,4,100,100.0,0.6104729771614075,0.5540817975997925,0.6729729771614075,0.7100759744644165,0.9736659526824952,0.9736659526824952,0.9993069767951964,0.9993239045143129,
7246051636.97167-80386075-e314,brainiac_scratch_t2w_2025-07-31_08-04-54,july_stratified_brats23_men_vs_met_single_t2w,T2w,brainiac,2e-05,4,100,100.0,0.5489864945411682,0.4420289993286133,0.6722972989082336,0.6880471706390381,0.601871132850647,0.5331880450248718,0.7803187370300293,0.7754114866256714,
7245976665.43449-1d149a6f-eaf1,resenc_time_conditioned_pretrained_t1n_2025-08-01_06-21-09,july_stratified_brats23_men_vs_met_single_t1n,T1n,ResEncTimeConditioned,2e-05,4,200,200.0,0.6114864945411682,0.5455930233001709,0.671621561050415,0.706318736076355,1.0,1.0,1.0,1.0,
7245874536.29422-0b373da2-b76a,resenc_pretrained_t1c_2025-08-02_09-09-41,july_stratified_brats23_men_vs_met_single_t1c,T1c,ResEncoder_Classifier,0.0001,4,200,200.0,0.6229729652404785,0.5722222328186035,0.6712838411331177,0.7113828659057617,0.9487179517745972,0.9473319053649902,0.9792100191116332,0.974034309387207,
7245606701.45916-b1be46c4-12bb,resenc_time_conditioned_pretrained_t1n_2025-08-05_11-34-30,july_stratified_brats23_men_vs_met_single_t1n,T1n,ResEncTimeConditioned,3e-05,4,200,200.0,0.5854729413986206,0.5162764191627502,0.6685811281204224,0.6659581065177917,0.9729729890823364,0.9736111164093018,1.0,1.0,
7246051511.20996-b165cc9f-bfde,dinov2_frozen_t1c_2025-07-31_08-05-45,july_stratified_brats23_men_vs_met_single_t1c,T1c,dinov2,2e-05,4,50,100.0,0.5375000238418579,0.4031007885932922,0.6675676107406616,0.6834730505943298,0.5641025900840759,0.4562289714813232,0.8357588052749634,0.8178205490112305,
7245820324.11701-55d6abd5-1132,resenc_time_conditioned_pretrained_t1n_2025-08-03_00-21-10,july_stratified_brats23_men_vs_met_single_t1n,T1n,ResEncTimeConditioned,8e-05,4,200,200.0,0.5739864706993103,0.4854559898376465,0.6618243455886841,0.6609148979187012,0.9864864945411682,0.9868215322494508,0.9993070363998412,0.999323844909668,
7245820310.43466-45479709-f2ff,resenc_time_conditioned_pretrained_t1c_2025-08-03_01-02-49,july_stratified_brats23_men_vs_met_single_t1c,T1c,ResEncTimeConditioned,8e-05,4,200,200.0,0.5564188957214355,0.5125700831413269,0.658108115196228,0.6720889806747437,0.9480249881744384,0.9473684430122375,0.9740124940872192,0.9698213934898376,
7245719407.11037-66642712-c1dc,brainiac_pretrained_t1c_2025-08-04_04-15-29,july_stratified_brats23_men_vs_met_single_t1c,T1c,brainiac,6e-05,4,200,200.0,0.6239864826202393,0.564479649066925,0.6577702760696411,0.6527925729751587,0.8198198080062866,0.812544047832489,0.9563409686088562,0.959455132484436,
7245917000.40951-33aec5b1-5cb6,resenc_time_conditioned_pretrained_t1c_2025-08-01_21-28-37,july_stratified_brats23_men_vs_met_single_t1c,T1c,ResEncTimeConditioned,6e-05,4,200,200.0,0.5939189195632935,0.5631205439567566,0.6570945978164673,0.6690961122512817,0.89466392993927,0.89466392993927,0.9674289226531982,0.9675368070602416,
7245695590.36801-3a41b9c5-5438,resenc_SimCLR_pretrained_t1n_2025-08-04_10-52-11,july_stratified_brats23_men_vs_met_single_t1n,T1n,ResEncoder_Classifier,8e-05,4,200,200.0,0.5898648500442505,0.5786594152450562,0.6554054021835327,0.676018238067627,0.9871795177459716,0.9868398308753968,1.0,1.0,
7245465685.78077-7614ed11-178c,eva_mdae_pretrained_t2w_2025-08-07_02-44-26,july_stratified_brats23_men_vs_met_single_t2w,T2w,Eva_MAE,0.0001,2,200,200.0,0.5114864706993103,0.3708359301090241,0.6554054021835327,0.6701176166534424,0.8440748453140259,0.8416666984558105,0.9223839044570924,0.9223840236663818,
7245969887.73511-4a13b73f-3c94,dinov2_pretrained_t1c_2025-08-01_06-45-41,july_stratified_brats23_men_vs_met_single_t1c,T1c,dinov2,0.0001,1,50,100.0,0.6114864945411682,0.5455930233001709,0.6530405282974243,0.6701316833496094,0.5810810923576355,0.4973330497741699,0.8004157543182373,0.8061425685882568,
7245995957.17221-1feb6c1b-4782,resenc_MDAETrainer_RandomMask_Flow_BS48_2000ep_pretrained_t1n_2025-07-31_23-32-20,july_stratified_brats23_men_vs_met_single_t1n,T1n,ResEncoder_Classifier,5e-05,4,200,200.0,0.5168918967247009,0.4744971394538879,0.6527026891708374,0.6939966678619385,0.9352044463157654,0.9341990947723388,0.9944559335708618,0.9946913719177246,
7246050923.55087-2abee0eb-ace7,resenc_time_conditioned_pretrained_t2w_2025-07-31_08-10-44,july_stratified_brats23_men_vs_met_single_t2w,T2w,ResEncTimeConditioned,2e-05,1,200,200.0,0.550000011920929,0.4272727370262146,0.6527026891708374,0.6705350279808044,0.8461538553237915,0.8393234610557556,0.9334719181060792,0.938257098197937,
7245522669.93929-d898d487-c2d9,eva_mdae_pretrained_t2f_2025-08-06_11-01-05,july_stratified_brats23_men_vs_met_single_t2f,T2f,Eva_MAE,5e-05,2,200,200.0,0.5949324369430542,0.5574712753295898,0.6520270109176636,0.6661041378974915,0.8562023639678955,0.8552380800247192,0.9033263921737672,0.897487998008728,
7245829140.93810-8f39421f-7657,resenc_time_conditioned_pretrained_t1c_2025-08-02_21-46-12,july_stratified_brats23_men_vs_met_single_t1c,T1c,ResEncTimeConditioned,0.0001,4,200,200.0,0.5959459543228149,0.5510203838348389,0.6486486196517944,0.6886568069458008,0.934511423110962,0.9341990947723388,0.9715870022773744,0.9720736742019652,
7245461862.21789-fe99ce5c-43a2,eva_simclr_pretrained_t1c_2025-08-07_03-50-14,july_stratified_brats23_men_vs_met_single_t1c,T1c,Eva_MAE,0.0001,2,200,200.0,0.6064189076423645,0.5792349576950073,0.6459459662437439,0.6389707326889038,0.9338184595108032,0.9341078996658324,0.9639639854431152,0.953799605369568,
7246051305.46570-34d8c0ec-6df4,mri_core_frozen_t2w_2025-07-31_08-04-50,july_stratified_brats23_men_vs_met_single_t2w,T2w,MRICore,2e-05,4,100,100.0,0.5,0.3418803513050079,0.6425675749778748,0.6082959175109863,0.5,0.3391304314136505,0.7186417579650879,0.6991209983825684,
7245606663.13805-5408bff7-d86a,resenc_time_conditioned_pretrained_t2f_2025-08-05_11-36-49,july_stratified_brats23_men_vs_met_single_t2f,T2f,ResEncTimeConditioned,3e-05,4,200,200.0,0.5729729533195496,0.4965384602546692,0.6408783197402954,0.6680346131324768,0.884615421295166,0.8805657625198364,0.9819819927215576,0.9831629395484924,
7245719431.72376-1128be9f-a0a0,brainiac_pretrained_t1n_2025-08-04_04-21-57,july_stratified_brats23_men_vs_met_single_t1n,T1n,brainiac,6e-05,4,200,200.0,0.550000011920929,0.4272727370262146,0.640540599822998,0.6487696170806885,0.9358974695205688,0.9341078996658324,0.979902982711792,0.9771065711975098,
7246051360.11542-d097dec4-7cd3,dinov2_pretrained_t2f_2025-07-31_08-09-23,july_stratified_brats23_men_vs_met_single_t2f,T2f,dinov2,2e-05,1,50,100.0,0.574999988079071,0.473027378320694,0.6402027010917664,0.6687957048416138,0.7865557670593262,0.7857645750045776,0.8877338767051697,0.8987618088722229,
7245522717.52972-17f05ff6-e011,eva_mdae_pretrained_t1c_2025-08-06_11-01-05,july_stratified_brats23_men_vs_met_single_t1c,T1c,Eva_MAE,5e-05,2,200,200.0,0.5304054021835327,0.4847169518470764,0.6364865303039551,0.6526117324829102,0.7772002816200256,0.7762770652770996,0.8302148580551147,0.827106237411499,
7245694801.01538-f12ce690-08a1,resenc_MG_pretrained_t1c_2025-08-04_11-12-53,july_stratified_brats23_men_vs_met_single_t1c,T1c,ResEncoder_Classifier,8e-05,4,200,200.0,0.6239864826202393,0.564479649066925,0.6317567825317383,0.6343671083450317,0.9487179517745972,0.9473319053649902,0.979902982711792,0.980622410774231,
7245465642.22246-fa2dca0e-d937,eva_simmim_pretrained_t2f_2025-08-07_02-51-33,july_stratified_brats23_men_vs_met_single_t2f,T2f,Eva_MAE,0.0001,2,200,200.0,0.550000011920929,0.4272727370262146,0.6314189434051514,0.65350341796875,0.8832293748855591,0.8813941478729248,0.9535689353942872,0.9541436433792114,
7245915131.96606-1cde2001-7f9c,mri_core_pretrained_t1n_2025-08-01_21-58-11,july_stratified_brats23_men_vs_met_single_t1n,T1n,MRICore,6e-05,4,200,200.0,0.5608108043670654,0.5577702522277832,0.6310811042785645,0.6460638046264648,0.6541926860809326,0.6491477489471436,0.7227997779846191,0.7356508374214172,
7245974039.19388-a60372ea-d4d0,resenc_time_conditioned_pretrained_t1n_2025-08-01_05-36-52,july_stratified_brats23_men_vs_met_single_t1n,T1n,ResEncTimeConditioned,2e-05,1,200,200.0,0.6104729771614075,0.5540817975997925,0.6297297477722168,0.6572130918502808,1.0,1.0,1.0,1.0,
7245917013.98703-ba04224d-ef50,resenc_time_conditioned_pretrained_t1n_2025-08-01_21-28-37,july_stratified_brats23_men_vs_met_single_t1n,T1n,ResEncTimeConditioned,6e-05,4,200,200.0,0.5854729413986206,0.5162764191627502,0.6297297477722168,0.6577167510986328,0.9871795177459716,0.9868398308753968,1.0,1.0,
7246051548.34931-d8813092-8b15,brainmvp_pretrained_t2f_2025-07-31_08-05-40,july_stratified_brats23_men_vs_met_single_t2f,T2f,brainmvp,2e-05,4,100,100.0,0.4584459364414215,0.3249745070934295,0.6277027130126953,0.6135133504867554,0.6483021974563599,0.6396839618682861,0.7671517133712769,0.7775130271911621,
7245606534.29780-7e432bf6-0313,resenc_VF_pretrained_t1n_2025-08-05_11-40-17,july_stratified_brats23_men_vs_met_single_t1n,T1n,ResEncoder_Classifier,3e-05,4,200,200.0,0.6094594597816467,0.5616161823272705,0.6270270347595215,0.6322258710861206,0.9230769276618958,0.9208333492279052,0.9781705141067504,0.9776110649108888,
7245588507.82412-8425b065-e56d,resenc_time_conditioned_pretrained_t1n_2025-08-05_16-37-27,july_stratified_brats23_men_vs_met_single_t1n,T1n,ResEncTimeConditioned,7e-05,4,180,180.0,0.5614864826202393,0.4641081690788269,0.6256756782531738,0.6542055606842041,1.0,1.0,1.0,1.0,
7245589787.91143-5096d1fc-8f65,resenc_pretrained_t1c_2025-08-05_16-25-40,july_stratified_brats23_men_vs_met_single_t1c,T1c,ResEncoder_Classifier,7e-05,4,180,180.0,0.6219594478607178,0.579081654548645,0.6256756782531738,0.6468057632446289,1.0,1.0,1.0,1.0,
7245696330.14556-79f35d8c-7ad9,resenc_VoCo_pretrained_t2w_2025-08-04_10-39-33,july_stratified_brats23_men_vs_met_single_t2w,T2w,ResEncoder_Classifier,8e-05,4,200,200.0,0.637499988079071,0.5749095678329468,0.6253378391265869,0.6704667806625366,1.0,1.0,1.0,1.0,
7245917858.34007-c8d43928-5c8e,resenc_MDAETrainer_RandomMask_Flow_BS48_2000ep_pretrained_t1n_2025-08-01_21-09-39,july_stratified_brats23_men_vs_met_single_t1n,T1n,ResEncoder_Classifier,6e-05,4,200,200.0,0.5979729890823364,0.535444974899292,0.6243243217468262,0.6201789975166321,0.9487179517745972,0.9473319053649902,1.0,1.0,
7245461883.88036-55b13d66-abec,eva_voco_pretrained_t2w_2025-08-07_03-48-12,july_stratified_brats23_men_vs_met_single_t2w,T2w,Eva_MAE,0.0001,2,200,200.0,0.5375000238418579,0.4031007885932922,0.6229729652404785,0.6554014682769775,0.765072762966156,0.762499988079071,0.9251559972763062,0.9314533472061156,
7245874522.73538-25e3e5a7-7c7b,resenc_pretrained_t2w_2025-08-02_09-09-51,july_stratified_brats23_men_vs_met_single_t2w,T2w,ResEncoder_Classifier,0.0001,4,200,200.0,0.5249999761581421,0.3779761791229248,0.620945930480957,0.6744582653045654,1.0,1.0,1.0,1.0,
7245375628.34465-5de86702-7e6e,dinov2_fb_pretrained_t2w_2025-08-08_21-13-35,july_stratified_brats23_men_vs_met_single_t2w,T2w,dinov2_fb,5e-05,1,50,200.0,0.6114864945411682,0.5455930233001709,0.6195945739746094,0.6574490070343018,0.4868329763412475,0.4867532253265381,0.5169785022735596,0.5179533958435059,
7245464389.74973-ad5b638c-d53b,eva_mae_pretrained_t2f_2025-08-07_03-14-04,july_stratified_brats23_men_vs_met_single_t2f,T2f,Eva_MAE,0.0001,2,200,200.0,0.5719594359397888,0.5064102411270142,0.6182432174682617,0.6207435131072998,0.9466389417648317,0.9472222328186036,0.9896050095558168,0.990033745765686,
7245916973.74143-1c8aad50-c674,resenc_time_conditioned_pretrained_t2f_2025-08-01_21-28-39,july_stratified_brats23_men_vs_met_single_t2f,T2f,ResEncTimeConditioned,6e-05,4,200,200.0,0.5979729890823364,0.535444974899292,0.6165540218353271,0.6459840536117554,0.9729729890823364,0.9736111164093018,1.0,1.0,
7245741030.02175-971e1ba7-a1fe,dinov2_pretrained_t1c_2025-08-03_22-20-12,july_stratified_brats23_men_vs_met_single_t1c,T1c,dinov2,8e-05,4,50,200.0,0.6229729652404785,0.5722222328186035,0.6141891479492188,0.6271999478340149,0.6670131683349609,0.6611378788948059,0.6541926860809326,0.6216729879379272,
7246050904.13153-48dd3e0e-7620,resenc_time_conditioned_pretrained_t2f_2025-07-31_08-10-14,july_stratified_brats23_men_vs_met_single_t2f,T2f,ResEncTimeConditioned,2e-05,1,200,200.0,0.6114864945411682,0.5455930233001709,0.6101351976394653,0.6384992599487305,1.0,1.0,1.0,1.0,
7245717921.65087-dd3f377a-2f3d,brainmvp_pretrained_t2f_2025-08-04_04-40-05,july_stratified_brats23_men_vs_met_single_t2f,T2f,brainmvp,6e-05,4,200,200.0,0.5263513326644897,0.5075194239616394,0.6087837815284729,0.6154139041900635,0.7460152506828308,0.7424647808074951,0.7914067506790161,0.7820937633514404,
7245915096.90858-9b276cec-a6d7,mri_core_pretrained_t2w_2025-08-01_21-58-28,july_stratified_brats23_men_vs_met_single_t2w,T2w,MRICore,6e-05,4,200,200.0,0.5,0.3418803513050079,0.60743248462677,0.6111487150192261,0.5128205418586731,0.3553571403026581,0.6437976360321045,0.6455159783363342,
7245588959.61553-5bb385cb-78bb,resenc_multimodal_mm_mdae_pretrained_pretrained_t1n_2025-08-05_16-29-48,july_stratified_brats23_men_vs_met_single_t1n,T1n,ResEncoderMultiModal_Classifier,7e-05,4,180,180.0,0.550000011920929,0.4272727370262146,0.6060811281204224,0.6296703815460205,0.9871795177459716,0.9868398308753968,1.0,1.0,
7245587203.58774-9cbb5f47-01de,resenc_VF_pretrained_t1c_2025-08-05_16-58-22,july_stratified_brats23_men_vs_met_single_t1c,T1c,ResEncoder_Classifier,7e-05,4,180,180.0,0.5929054021835327,0.5680224299430847,0.6047297120094299,0.6222646236419678,0.9487179517745972,0.9473319053649902,0.9885654449462892,0.988530695438385,
7245464384.36771-dc00a1c7-9363,eva_swinunetr_pretrained_t2f_2025-08-07_15-20-31,july_stratified_brats23_men_vs_met_single_t2f,T2f,Eva_MAE,0.0001,2,200,200.0,0.5614864826202393,0.4641081690788269,0.603378415107727,0.6368995308876038,0.7401247620582581,0.7338935732841492,0.8485793471336365,0.8458772897720337,
7245464430.20254-4d4447d4-3c5a,eva_swinunetr_pretrained_t1c_2025-08-07_15-23-29,july_stratified_brats23_men_vs_met_single_t1c,T1c,Eva_MAE,0.0001,2,200,200.0,0.5263513326644897,0.5075194239616394,0.6020270586013794,0.6202719807624817,0.7387387752532959,0.7361111044883728,0.8468468189239502,0.8574277758598328,
7245995662.15932-dfb8dbed-6503,resenc_time_conditioned_pretrained_t2f_2025-07-31_23-37-47,july_stratified_brats23_men_vs_met_single_t2f,T2f,ResEncTimeConditioned,5e-05,4,200,200.0,0.6219594478607178,0.579081654548645,0.6003378629684448,0.6232726573944092,0.9223839044570924,0.92099791765213,0.9889119863510132,0.9895342588424684,
7245589801.25247-95ba1d81-0c1e,resenc_pretrained_t1n_2025-08-05_16-22-12,july_stratified_brats23_men_vs_met_single_t1n,T1n,ResEncoder_Classifier,7e-05,4,180,180.0,0.6114864945411682,0.5455930233001709,0.5993243455886841,0.6094255447387695,0.9871795177459716,0.9868398308753968,0.9993070363998412,0.9993239045143129,
7246051571.34513-c9b00f67-32a2,brainmvp_pretrained_t2w_2025-07-31_08-05-29,july_stratified_brats23_men_vs_met_single_t2w,T2w,brainmvp,2e-05,4,100,100.0,0.5,0.3245614171028137,0.5989865064620972,0.5886996984481812,0.5984060764312744,0.5706214904785156,0.6763686537742615,0.6936773061752319,
7245739513.95759-3db78cea-1762,mri_core_pretrained_t1n_2025-08-03_22-46-36,july_stratified_brats23_men_vs_met_single_t1n,T1n,MRICore,0.0001,1,100,100.0,0.5,0.3418803513050079,0.5979729890823364,0.6262955069541931,0.4459459483623504,0.302752286195755,0.4857934713363647,0.522307276725769,
7245719284.31225-e8160a0c-cd5e,brainiac_scratch_t2f_2025-08-04_04-26-04,july_stratified_brats23_men_vs_met_single_t2f,T2f,brainiac,6e-05,4,200,200.0,0.5604729652404785,0.4761905074119568,0.5959459543228149,0.6041454672813416,0.812889814376831,0.812544047832489,0.9223839044570924,0.9285001754760742,
7245587622.70401-21485105-6f0a,resenc_SimCLR_pretrained_t2f_2025-08-05_16-56-33,july_stratified_brats23_men_vs_met_single_t2f,T2f,ResEncoder_Classifier,7e-05,4,180,180.0,0.637499988079071,0.5749095678329468,0.5959459543228149,0.6167520880699158,1.0,1.0,1.0,1.0,
7245606963.76722-d39f3f9b-f1fa,resenc_SimCLR_pretrained_t1c_2025-08-05_11-28-52,july_stratified_brats23_men_vs_met_single_t1c,T1c,ResEncoder_Classifier,3e-05,4,200,200.0,0.6739864945411682,0.6352040767669678,0.595608115196228,0.6119171977043152,0.9480249881744384,0.9473684430122375,0.9878724813461304,0.9878122210502625,
7245693212.38096-968f5e37-71ad,resenc_VF_pretrained_t2w_2025-08-04_11-47-27,july_stratified_brats23_men_vs_met_single_t2w,T2w,ResEncoder_Classifier,8e-05,4,200,200.0,0.6229729652404785,0.5722222328186035,0.5942567586898804,0.6070913076400757,1.0,1.0,1.0,1.0,
7245587636.66433-906b0203-bfcb,resenc_SimCLR_pretrained_t2w_2025-08-05_16-56-32,july_stratified_brats23_men_vs_met_single_t2w,T2w,ResEncoder_Classifier,7e-05,4,180,180.0,0.6239864826202393,0.564479649066925,0.5942567586898804,0.6527097225189209,1.0,1.0,1.0,1.0,
7245695576.30911-3fca8b21-df75,resenc_SimCLR_pretrained_t1c_2025-08-04_10-56-22,july_stratified_brats23_men_vs_met_single_t1c,T1c,ResEncoder_Classifier,8e-05,4,200,200.0,0.6239864826202393,0.564479649066925,0.5935810804367065,0.6111461520195007,0.9743589758872986,0.9736841917037964,0.9979209899902344,0.997987985610962,
7245463115.72218-a981243d-ac75,eva_vf_pretrained_t2f_2025-08-07_15-23-34,july_stratified_brats23_men_vs_met_single_t2f,T2f,Eva_MAE,0.0001,2,200,200.0,0.6354729533195496,0.5898990035057068,0.5925675630569458,0.627025306224823,1.0,1.0,1.0,1.0,
7245585974.83657-3fa96024-987d,resenc_MG_pretrained_t1n_2025-08-05_17-23-22,july_stratified_brats23_men_vs_met_single_t1n,T1n,ResEncoder_Classifier,7e-05,4,180,180.0,0.6229729652404785,0.5722222328186035,0.5922297239303589,0.6168681383132935,1.0,1.0,1.0,1.0,
7245522745.46810-8b5fd346-9d7b,eva_mdae_pretrained_t1n_2025-08-06_10-58-12,july_stratified_brats23_men_vs_met_single_t1n,T1n,Eva_MAE,5e-05,2,200,200.0,0.5699324607849121,0.5229591727256775,0.5885134935379028,0.5790302753448486,0.909563422203064,0.907750964164734,0.950103998184204,0.9271136522293092,
7246051323.18898-5ebe7ce2-0b4a,mri_core_frozen_t1c_2025-07-31_08-09-19,july_stratified_brats23_men_vs_met_single_t1c,T1c,MRICore,2e-05,4,100,100.0,0.5,0.3418803513050079,0.5844594240188599,0.5932655334472656,0.5,0.3391304314136505,0.7117117643356323,0.6927872896194458,
7246063888.56885-b249e867-18fb,resenc_pretrained_t1n_2025-07-31_04-33-20,july_stratified_brats23_men_vs_met_single_t1n,T1n,ResEncoder_Classifier,2e-05,4,100,100.0,0.6104729771614075,0.5540817975997925,0.5834459066390991,0.6237028241157532,1.0,1.0,1.0,1.0,
7245873694.85070-287c9aba-74bf,resenc_MDAETrainer_RandomMask_Flow_BS48_2000ep_pretrained_t2w_2025-08-02_09-24-00,july_stratified_brats23_men_vs_met_single_t2w,T2w,ResEncoder_Classifier,0.0001,4,200,200.0,0.6229729652404785,0.5722222328186035,0.5814189314842224,0.6046792268753052,1.0,1.0,1.0,1.0,
7245587671.33919-3c3ca49f-8b94,resenc_SimCLR_pretrained_t1n_2025-08-05_16-56-28,july_stratified_brats23_men_vs_met_single_t1n,T1n,ResEncoder_Classifier,7e-05,4,180,180.0,0.6094594597816467,0.5616161823272705,0.5797297358512878,0.6303399801254272,1.0,1.0,1.0,1.0,
7245914684.11951-ddd2e26c-a829,dinov2_pretrained_t2w_2025-08-01_22-00-57,july_stratified_brats23_men_vs_met_single_t2w,T2w,dinov2,6e-05,4,50,200.0,0.6104729771614075,0.5540817975997925,0.5790541172027588,0.5990840196609497,0.5,0.3391304314136505,0.5741510391235352,0.5835490226745605,
7245587189.60779-2aa3dba8-3aa3,resenc_VF_pretrained_t2w_2025-08-05_16-59-06,july_stratified_brats23_men_vs_met_single_t2w,T2w,ResEncoder_Classifier,7e-05,4,180,180.0,0.6094594597816467,0.5616161823272705,0.579054057598114,0.5954592227935791,1.0,1.0,1.0,1.0,
7245914710.63100-ab0897d3-fc61,dinov2_pretrained_t1n_2025-08-01_22-00-04,july_stratified_brats23_men_vs_met_single_t1n,T1n,dinov2,6e-05,4,50,200.0,0.5614864826202393,0.4641081690788269,0.5777027010917664,0.6454544067382812,0.694733202457428,0.6930640935897827,0.7969508171081543,0.792922854423523,
7245695559.02832-45b521a6-943e,resenc_SimCLR_pretrained_t2w_2025-08-04_10-56-34,july_stratified_brats23_men_vs_met_single_t2w,T2w,ResEncoder_Classifier,8e-05,4,200,200.0,0.625,0.5557692050933838,0.5770269632339478,0.6176247596740723,1.0,1.0,1.0,1.0,
7245606951.22866-23abd179-6a66,resenc_SimCLR_pretrained_t2w_2025-08-05_11-30-25,july_stratified_brats23_men_vs_met_single_t2w,T2w,ResEncoder_Classifier,3e-05,4,200,200.0,0.4993243217468261,0.4848172962665558,0.5736486911773682,0.6492172479629517,1.0,1.0,1.0,1.0,
7245464461.08380-2ba6bfe5-287e,eva_mae_pretrained_t1n_2025-08-07_03-11-57,july_stratified_brats23_men_vs_met_single_t1n,T1n,Eva_MAE,0.0001,2,200,200.0,0.5834459662437439,0.5333333611488342,0.5722973346710205,0.5947690010070801,0.9601524472236632,0.9604647159576416,0.9944560527801514,0.9946879148483276,
7245719329.02572-e8b25dd6-7345,brainiac_scratch_t1c_2025-08-04_04-24-41,july_stratified_brats23_men_vs_met_single_t1c,T1c,brainiac,6e-05,4,200,200.0,0.5479729771614075,0.4551886916160583,0.5709459185600281,0.618248701095581,0.8069993257522583,0.7984085083007812,0.9563409090042114,0.9575103521347046,
7246051406.25380-f4d335e6-6e22,dinov2_pretrained_t2w_2025-07-31_08-09-12,july_stratified_brats23_men_vs_met_single_t2w,T2w,dinov2,2e-05,1,50,100.0,0.5,0.3245614171028137,0.570270299911499,0.60698401927948,1.0,1.0,1.0,1.0,
7246051491.10369-9a360f35-b517,dinov2_frozen_t2w_2025-07-31_08-07-21,july_stratified_brats23_men_vs_met_single_t2w,T2w,dinov2,2e-05,4,50,100.0,0.5249999761581421,0.3779761791229248,0.5695945620536804,0.5927299857139587,0.7179487347602844,0.6889880895614624,0.9535689353942872,0.9530770778656006,
7245461820.93183-51b60134-996a,eva_simclr_pretrained_t2f_2025-08-07_03-48-46,july_stratified_brats23_men_vs_met_single_t2f,T2f,Eva_MAE,0.0001,2,200,200.0,0.5375000238418579,0.4031007885932922,0.5692567825317383,0.598395586013794,0.8198198080062866,0.812544047832489,0.924809455871582,0.9214446544647216,
7245824433.43281-0690f6a3-18ca,resenc_time_conditioned_pretrained_t1n_2025-08-02_23-11-26,july_stratified_brats23_men_vs_met_single_t1n,T1n,ResEncTimeConditioned,2e-05,4,200,200.0,0.5709459781646729,0.5151851773262024,0.5692567825317383,0.6003612279891968,0.9871795177459716,0.9868398308753968,0.9771310091018676,0.9682273268699646,
7245719392.72520-3794fd1d-add1,brainiac_pretrained_t2w_2025-08-04_04-22-40,july_stratified_brats23_men_vs_met_single_t2w,T2w,brainiac,6e-05,4,200,200.0,0.5625,0.4505606591701507,0.5668919086456299,0.6032849550247192,0.9743589758872986,0.9736841917037964,1.0,1.0,
7245375657.29929-4ab145d1-814b,dinov2_fb_pretrained_t1n_2025-08-08_08-46-17,july_stratified_brats23_men_vs_met_single_t1n,T1n,dinov2_fb,5e-05,1,50,200.0,0.5969594717025757,0.5437036752700806,0.5655405521392822,0.6266102194786072,0.5609840750694275,0.5481895208358765,0.5772695541381836,0.5760729908943176,
7245820283.92625-d7c5c703-253d,resenc_time_conditioned_pretrained_t2f_2025-08-03_02-22-49,july_stratified_brats23_men_vs_met_single_t2f,T2f,ResEncTimeConditioned,8e-05,4,200,200.0,0.5489864945411682,0.4420289993286133,0.5641891956329346,0.6084851026535034,0.9216909408569336,0.921052634716034,0.9667359590530396,0.9612255692481996,
7245461928.65945-ea321eda-75d0,eva_voco_pretrained_t1n_2025-08-07_03-47-58,july_stratified_brats23_men_vs_met_single_t1n,T1n,Eva_MAE,0.0001,2,200,200.0,0.5249999761581421,0.3779761791229248,0.5628378391265869,0.5949466228485107,0.8184338212013245,0.8146341443061829,0.8905059099197388,0.8983340263366699,
7246051166.07711-54a57026-7489,resenc_pretrained_t2w_2025-07-31_08-05-38,july_stratified_brats23_men_vs_met_single_t2w,T2w,ResEncoder_Classifier,2e-05,4,100,100.0,0.6000000238418579,0.5157232880592346,0.5608108043670654,0.6103050112724304,1.0,1.0,1.0,1.0,
7246050977.67614-7cae88ac-9f23,resenc_time_conditioned_pretrained_t1c_2025-07-31_08-11-04,july_stratified_brats23_men_vs_met_single_t1c,T1c,ResEncTimeConditioned,2e-05,1,200,200.0,0.5979729890823364,0.535444974899292,0.5604729652404785,0.5916447043418884,0.9473319053649902,0.9473319053649902,0.9681220054626464,0.9594709277153016,
7245976635.30547-ddaa68a3-a002,resenc_time_conditioned_pretrained_t2w_2025-08-01_06-12-21,july_stratified_brats23_men_vs_met_single_t2w,T2w,ResEncTimeConditioned,2e-05,4,200,200.0,0.5979729890823364,0.535444974899292,0.5594594478607178,0.5813068151473999,1.0,1.0,1.0,1.0,
7245319332.12768-dfaed242-2849,resenc_MDAE_pretrained_t1n_2025-08-08_19-24-36,july_stratified_brats23_men_vs_met_single_t1n,T1n,ResEncoder_Classifier,6e-05,4,200,200.0,0.5709459781646729,0.5151851773262024,0.5591216087341309,0.5937948226928711,0.9088703989982604,0.9078788161277772,0.953222393989563,0.954093098640442,
7245589741.43977-49bb1073-0b3c,resenc_pretrained_t2f_2025-08-05_16-23-13,july_stratified_brats23_men_vs_met_single_t2f,T2f,ResEncoder_Classifier,7e-05,4,180,180.0,0.6104729771614075,0.5540817975997925,0.5581080913543701,0.5881035923957825,0.9736659526824952,0.9736659526824952,0.9986139535903932,0.998657763004303,
7245739147.74965-56ec5a07-9587,resenc_pretrained_t1c_2025-08-03_22-46-45,july_stratified_brats23_men_vs_met_single_t1c,T1c,ResEncoder_Classifier,8e-05,4,200,200.0,0.6614865064620972,0.6181818246841431,0.5577702522277832,0.5679668188095093,0.9615384340286256,0.9605194330215454,0.961191952228546,0.9474211931228638,
7245693981.59217-588b61a6-8006,resenc_S3D_pretrained_t2w_2025-08-04_11-28-58,july_stratified_brats23_men_vs_met_single_t2w,T2w,ResEncoder_Classifier,8e-05,4,200,200.0,0.5,0.3245614171028137,0.5577702522277832,0.5940917730331421,1.0,1.0,1.0,1.0,
7245522693.20296-2f08c65a-276c,eva_mdae_pretrained_t2w_2025-08-06_11-01-05,july_stratified_brats23_men_vs_met_single_t2w,T2w,Eva_MAE,5e-05,2,200,200.0,0.5209459662437439,0.4373076856136322,0.5577702522277832,0.5653103590011597,0.9352044463157654,0.9341990947723388,0.9937629699707032,0.9941425323486328,
7245606937.71525-ce093b13-ac41,resenc_SimCLR_pretrained_t2f_2025-08-05_11-31-51,july_stratified_brats23_men_vs_met_single_t2f,T2f,ResEncoder_Classifier,3e-05,4,200,200.0,0.5625,0.4505606591701507,0.5550675392150879,0.5832301378250122,1.0,1.0,1.0,1.0,
7246051619.72276-3d0a8388-b6e5,brainiac_scratch_t2f_2025-07-31_08-05-05,july_stratified_brats23_men_vs_met_single_t2f,T2f,brainiac,2e-05,4,100,100.0,0.5074324607849121,0.428326666355133,0.5540540218353271,0.554668664932251,0.755024254322052,0.7424647808074951,0.8905059099197388,0.9012376070022584,
7245606097.89903-362f1809-672a,resenc_SwinUNETR_pretrained_t2f_2025-08-05_15-41-54,july_stratified_brats23_men_vs_met_single_t2f,T2f,ResEncoder_Classifier,3e-05,4,200,200.0,0.6000000238418579,0.5157232880592346,0.5533783435821533,0.5912755131721497,0.9871795177459716,0.9868398308753968,1.0,1.0,
7245976621.95750-5ba3a55e-0486,resenc_time_conditioned_pretrained_t2f_2025-08-01_06-12-45,july_stratified_brats23_men_vs_met_single_t2f,T2f,ResEncTimeConditioned,2e-05,4,200,200.0,0.6499999761581421,0.5935143232345581,0.5527026653289795,0.5988895297050476,0.9608454704284668,0.9605194330215454,0.9965349435806274,0.9966784119606018,
7245465707.93097-3812b98e-4c6a,eva_simmim_pretrained_t1n_2025-08-07_17-23-31,july_stratified_brats23_men_vs_met_single_t1n,T1n,Eva_MAE,0.0001,2,200,200.0,0.6168918609619141,0.6022727489471436,0.5510134696960449,0.570232629776001,0.7245322465896606,0.7236363887786865,0.8322938084602356,0.8443382382392883,
7245464455.55625-6fd1d5fc-e155,eva_swinunetr_pretrained_t1n_2025-08-07_15-22-26,july_stratified_brats23_men_vs_met_single_t1n,T1n,Eva_MAE,0.0001,2,200,200.0,0.5043919086456299,0.4568637907505035,0.5510134696960449,0.5756444931030273,0.6995842456817627,0.6960528492927551,0.837837815284729,0.855394184589386,
7245464414.02516-ede26e40-2595,eva_mae_pretrained_t2w_2025-08-07_03-10-31,july_stratified_brats23_men_vs_met_single_t2w,T2w,Eva_MAE,0.0001,2,200,200.0,0.6239864826202393,0.564479649066925,0.5493242740631104,0.5999147891998291,1.0,1.0,1.0,1.0,
7245589332.64776-b24295f5-7f63,resenc_MDAETrainer_RandomMask_Flow_BS48_2000ep_pretrained_t2w_2025-08-05_16-29-56,july_stratified_brats23_men_vs_met_single_t2w,T2w,ResEncoder_Classifier,7e-05,4,180,180.0,0.6000000238418579,0.5157232880592346,0.5466216802597046,0.5782338380813599,1.0,1.0,1.0,1.0,
7245969874.32169-6c01c32b-07e4,dinov2_pretrained_t2w_2025-08-01_06-45-44,july_stratified_brats23_men_vs_met_single_t2w,T2w,dinov2,0.0001,1,50,100.0,0.6114864945411682,0.5455930233001709,0.5445946455001831,0.5937973260879517,0.5,0.3391304314136505,0.4844074845314026,0.5069133043289185,
7245741043.06497-90daf416-a5a0,dinov2_pretrained_t1n_2025-08-03_22-20-18,july_stratified_brats23_men_vs_met_single_t1n,T1n,dinov2,8e-05,4,50,200.0,0.5979729890823364,0.535444974899292,0.5445945858955383,0.6050920486450195,0.5405405163764954,0.423214316368103,0.7512127161026001,0.7726746797561646,
7245719343.29265-e1b48229-371b,brainiac_scratch_t1n_2025-08-04_04-25-31,july_stratified_brats23_men_vs_met_single_t1n,T1n,brainiac,6e-05,4,200,200.0,0.5398648381233215,0.518750011920929,0.5439189076423645,0.560420036315918,0.7986832857131958,0.7966827154159546,0.9085239171981812,0.9141184091567992,
7245606675.95376-17437700-f1b1,resenc_time_conditioned_pretrained_t2w_2025-08-05_11-36-00,july_stratified_brats23_men_vs_met_single_t2w,T2w,ResEncTimeConditioned,3e-05,4,200,200.0,0.5989865064620972,0.5261538624763489,0.5432432889938354,0.5835791230201721,1.0,1.0,1.0,1.0,
7246051528.15922-ac9797a3-b8fa,dinov2_frozen_t1n_2025-07-31_08-05-35,july_stratified_brats23_men_vs_met_single_t1n,T1n,dinov2,2e-05,4,50,100.0,0.4858108162879944,0.4733242392539978,0.5432432889938354,0.59977787733078,0.8797643780708313,0.8805657625198364,0.9667359590530396,0.9531344175338744,
7245465726.78442-98975389-c228,eva_mdae_pretrained_t1n_2025-08-07_17-17-37,july_stratified_brats23_men_vs_met_single_t1n,T1n,Eva_MAE,0.0001,2,200,200.0,0.5273648500442505,0.5030525326728821,0.5425676107406616,0.5723583698272705,0.8562023639678955,0.8552380800247192,0.9327789545059204,0.9379997849464417,
7246051602.39054-5f03cb5a-fb5f,brainmvp_pretrained_t1n_2025-07-31_08-05-05,july_stratified_brats23_men_vs_met_single_t1n,T1n,brainmvp,2e-05,4,100,100.0,0.5,0.3245614171028137,0.540878415107727,0.5574639439582825,0.5,0.3274336159229278,0.6472625732421875,0.6690553426742554,
7245606506.05104-96e3afc6-b1a9,resenc_VF_pretrained_t2w_2025-08-05_11-41-16,july_stratified_brats23_men_vs_met_single_t2w,T2w,ResEncoder_Classifier,3e-05,4,200,200.0,0.6104729771614075,0.5540817975997925,0.5402027368545532,0.5820518732070923,1.0,1.0,1.0,1.0,
7246051748.21394-80139703-2e6e,brainiac_pretrained_t1n_2025-07-31_08-01-57,july_stratified_brats23_men_vs_met_single_t1n,T1n,brainiac,2e-05,4,100,100.0,0.5604729652404785,0.4761905074119568,0.5398648977279663,0.5682898759841919,0.8711018562316895,0.8675957918167114,0.9300068616867064,0.9275457859039308,
7245693225.26619-7d6d82de-8cc1,resenc_VF_pretrained_t1c_2025-08-04_11-47-27,july_stratified_brats23_men_vs_met_single_t1c,T1c,ResEncoder_Classifier,8e-05,4,200,200.0,0.6229729652404785,0.5722222328186035,0.533108115196228,0.5757306814193726,0.9871795177459716,0.9868398308753968,0.9986139535903932,0.998653769493103,
7246051183.82664-30d52f51-98a8,resenc_pretrained_t1c_2025-07-31_08-11-59,july_stratified_brats23_men_vs_met_single_t1c,T1c,ResEncoder_Classifier,2e-05,4,100,100.0,0.6239864826202393,0.564479649066925,0.5290540456771851,0.5700154900550842,0.9480249881744384,0.9473684430122375,0.9882190227508544,0.98887038230896,
7245969861.21677-f80a8d21-1efa,dinov2_pretrained_t2f_2025-08-01_06-46-32,july_stratified_brats23_men_vs_met_single_t2f,T2f,dinov2,0.0001,1,50,100.0,0.6229729652404785,0.5722222328186035,0.5277026891708374,0.5884678363800049,0.5405405163764954,0.423214316368103,0.8260568380355835,0.8236918449401855,
7245974870.85936-0bfc5ce4-659c,resenc_MDAETrainer_RandomMask_Flow_BS48_2000ep_pretrained_t1n_2025-08-01_05-17-31,july_stratified_brats23_men_vs_met_single_t1n,T1n,ResEncoder_Classifier,2e-05,1,200,200.0,0.5564188957214355,0.5125700831413269,0.5270270109176636,0.5619102716445923,0.9615384340286256,0.9605194330215454,0.9979209899902344,0.997987985610962,
7245606976.43149-343265b7-1b08,resenc_SimCLR_pretrained_t1n_2025-08-05_11-28-50,july_stratified_brats23_men_vs_met_single_t1n,T1n,ResEncoder_Classifier,3e-05,4,200,200.0,0.5969594717025757,0.5437036752700806,0.5233107805252075,0.5926978588104248,1.0,1.0,1.0,1.0,
7246051217.57609-aef9f38b-5b78,mri_core_pretrained_t2f_2025-07-31_08-11-55,july_stratified_brats23_men_vs_met_single_t2f,T2f,MRICore,2e-05,1,100,100.0,0.5,0.3418803513050079,0.5233107805252075,0.5183635950088501,0.5,0.3391304314136505,0.6209286451339722,0.6340798139572144,
7245694824.65400-f8a55d6f-1a9b,resenc_MG_pretrained_t1n_2025-08-04_11-05-24,july_stratified_brats23_men_vs_met_single_t1n,T1n,ResEncoder_Classifier,8e-05,4,200,200.0,0.5969594717025757,0.5437036752700806,0.521621584892273,0.5405409932136536,0.9871795177459716,0.9868398308753968,1.0,1.0,
7245585933.95184-ff590334-f1e8,resenc_MG_pretrained_t2f_2025-08-05_17-23-16,july_stratified_brats23_men_vs_met_single_t2f,T2f,ResEncoder_Classifier,7e-05,4,180,180.0,0.5874999761581421,0.4947305321693421,0.5175675749778748,0.5633001923561096,1.0,1.0,1.0,1.0,
7245463138.77720-7a0a85f9-3d55,eva_vf_pretrained_t2w_2025-08-07_12-07-51,july_stratified_brats23_men_vs_met_single_t2w,T2w,Eva_MAE,0.0001,2,200,200.0,0.6229729652404785,0.5722222328186035,0.5162162780761719,0.5482205152511597,1.0,1.0,1.0,1.0,
7245465666.33338-3a65b026-351c,eva_simmim_pretrained_t2w_2025-08-07_02-51-34,july_stratified_brats23_men_vs_met_single_t2w,T2w,Eva_MAE,0.0001,2,200,200.0,0.5594594478607178,0.4869598150253296,0.515878438949585,0.5479350090026855,0.9615384340286256,0.9605194330215454,0.99514901638031,0.9953374862670898,
7245319285.71493-cfadc84d-01bd,resenc_MDAE_pretrained_t2f_2025-08-08_19-25-17,july_stratified_brats23_men_vs_met_single_t2f,T2f,ResEncoder_Classifier,6e-05,4,200,200.0,0.5864865183830261,0.5061224699020386,0.5158783793449402,0.5551323890686035,0.9480249881744384,0.9473684430122375,0.9889119863510132,0.9894273281097412,
7245969052.96986-c00e809f-5a4f,resenc_MDAETrainer_RandomMask_Flow_BS48_2000ep_pretrained_t2w_2025-08-01_06-55-38,july_stratified_brats23_men_vs_met_single_t2w,T2w,ResEncoder_Classifier,0.0001,4,200,200.0,0.5844594240188599,0.5253129005432129,0.5158783197402954,0.5416044592857361,0.9743589758872986,0.9736841917037964,1.0,1.0,
7245995676.74248-dfe764e6-78ed,resenc_time_conditioned_pretrained_t2w_2025-07-31_23-32-34,july_stratified_brats23_men_vs_met_single_t2w,T2w,ResEncTimeConditioned,5e-05,4,200,200.0,0.512499988079071,0.3518238663673401,0.5125000476837158,0.5648750066757202,1.0,1.0,1.0,1.0,
7245969901.64273-4652e495-44d6,dinov2_pretrained_t1n_2025-08-01_06-45-32,july_stratified_brats23_men_vs_met_single_t1n,T1n,dinov2,0.0001,1,50,100.0,0.5,0.3245614171028137,0.5097972750663757,0.5608341693878174,0.5,0.3391304314136505,0.5592515468597412,0.5885705947875977,
7245694765.10629-ec454f26-ded6,resenc_MG_pretrained_t2w_2025-08-04_11-13-13,july_stratified_brats23_men_vs_met_single_t2w,T2w,ResEncoder_Classifier,8e-05,4,200,200.0,0.5824324488639832,0.5404232144355774,0.5091216564178467,0.5575395226478577,1.0,1.0,1.0,1.0,
7245972327.22036-f78fa135-9b31,mri_core_pretrained_t1c_2025-08-01_06-12-08,july_stratified_brats23_men_vs_met_single_t1c,T1c,MRICore,0.0001,1,100,100.0,0.5,0.3418803513050079,0.5084459185600281,0.5869024991989136,0.5,0.3274336159229278,0.7588357329368591,0.7677471041679382,
7245320138.76005-5b05ce12-942b,resenc_MDAE_pretrained_t1n_2025-08-08_19-10-19,july_stratified_brats23_men_vs_met_single_t1n,T1n,ResEncoder_Classifier,6e-05,4,200,200.0,0.4587838053703308,0.449999988079071,0.5067567825317383,0.570423424243927,0.8967429399490356,0.894444465637207,0.9764379262924194,0.9780765771865844,
7246051340.98287-46893c84-a86e,mri_core_frozen_t1n_2025-07-31_08-09-12,july_stratified_brats23_men_vs_met_single_t1n,T1n,MRICore,2e-05,4,100,100.0,0.5,0.3418803513050079,0.5064189434051514,0.5238590836524963,0.5,0.3391304314136505,0.6417186260223389,0.627655029296875,
7245609175.92623-053b511c-768f,resenc_pretrained_t1n_2025-08-05_10-53-08,july_stratified_brats23_men_vs_met_single_t1n,T1n,ResEncoder_Classifier,3e-05,4,200,200.0,0.637499988079071,0.5749095678329468,0.5047297477722168,0.5602238774299622,1.0,1.0,1.0,1.0,
7246051199.02272-61701e44-2141,resenc_pretrained_t1n_2025-07-31_08-11-56,july_stratified_brats23_men_vs_met_single_t1n,T1n,ResEncoder_Classifier,2e-05,4,100,100.0,0.5844594240188599,0.5253129005432129,0.5016891956329346,0.5645651817321777,0.9615384340286256,0.9605194330215454,1.0,1.0,
7245606520.43640-b5ec0141-9023,resenc_VF_pretrained_t1c_2025-08-05_11-40-35,july_stratified_brats23_men_vs_met_single_t1c,T1c,ResEncoder_Classifier,3e-05,4,200,200.0,0.6094594597816467,0.5616161823272705,0.5013513565063477,0.5565142035484314,0.9487179517745972,0.9473319053649902,0.9857934713363647,0.9849355816841124,
7245693199.15972-80de7502-cd56,resenc_VF_pretrained_t2f_2025-08-04_11-47-09,july_stratified_brats23_men_vs_met_single_t2f,T2f,ResEncoder_Classifier,8e-05,4,200,200.0,0.6364865303039551,0.5828507542610168,0.4989864826202392,0.5585973262786865,0.9615384340286256,0.9605194330215454,1.0,1.0,
7245586388.82960-c8bc25b8-c224,resenc_S3D_pretrained_t1c_2025-08-05_17-14-14,july_stratified_brats23_men_vs_met_single_t1c,T1c,ResEncoder_Classifier,7e-05,4,180,180.0,0.5959459543228149,0.5510203838348389,0.4986486434936523,0.5500876903533936,0.9487179517745972,0.9473319053649902,0.9944559335708618,0.9947316646575928,
7245606492.62328-276e50b7-ee0e,resenc_VF_pretrained_t2f_2025-08-05_11-41-35,july_stratified_brats23_men_vs_met_single_t2f,T2f,ResEncoder_Classifier,3e-05,4,200,200.0,0.6114864945411682,0.5455930233001709,0.4986486434936523,0.5497589707374573,0.9487179517745972,0.9473319053649902,1.0,1.0,
7245972300.63684-070ed6f6-2920,mri_core_pretrained_t2f_2025-08-01_06-13-15,july_stratified_brats23_men_vs_met_single_t2f,T2f,MRICore,0.0001,1,100,100.0,0.5,0.3418803513050079,0.4966216087341308,0.5103325247764587,0.5,0.3391304314136505,0.5058904886245728,0.5029860734939575,
7245739470.28631-13acea9f-15d1,mri_core_pretrained_t2f_2025-08-03_22-40-55,july_stratified_brats23_men_vs_met_single_t2f,T2f,MRICore,0.0001,1,100,100.0,0.5,0.3418803513050079,0.4966216087341308,0.5103325247764587,0.5,0.3391304314136505,0.5835065841674805,0.5896174907684326,
7245915082.96845-3b328107-44ae,mri_core_pretrained_t2f_2025-08-01_21-53-47,july_stratified_brats23_men_vs_met_single_t2f,T2f,MRICore,6e-05,4,200,200.0,0.4989864826202392,0.3452380895614624,0.4837837815284729,0.5031779408454895,0.6282051205635071,0.5633049607276917,0.7945252656936646,0.819256067276001,
7245587171.44200-6c15a065-8636,resenc_VF_pretrained_t2f_2025-08-05_16-59-12,july_stratified_brats23_men_vs_met_single_t2f,T2f,ResEncoder_Classifier,7e-05,4,180,180.0,0.6229729652404785,0.5722222328186035,0.4831081032752991,0.5560934543609619,1.0,1.0,1.0,1.0,
7245588931.02655-7ba5f3b5-ea64,resenc_multimodal_mm_mdae_pretrained_pretrained_t2w_2025-08-05_16-31-24,july_stratified_brats23_men_vs_met_single_t2w,T2w,ResEncoderMultiModal_Classifier,7e-05,4,180,180.0,0.5824324488639832,0.5404232144355774,0.4716216325759888,0.5275832414627075,0.9864864945411682,0.9868215322494508,0.9979209899902344,0.9979998469352722,
7245464407.31439-9081f7e6-b002,eva_swinunetr_pretrained_t2w_2025-08-07_15-23-50,july_stratified_brats23_men_vs_met_single_t2w,T2w,Eva_MAE,0.0001,2,200,200.0,0.4929054081439972,0.4296296238899231,0.4662162065505981,0.5435733795166016,0.8454608917236328,0.8403361439704895,0.878031849861145,0.8854619264602661,
7245914299.05219-e160cc50-270c,brainmvp_pretrained_t1n_2025-08-01_22-06-48,july_stratified_brats23_men_vs_met_single_t1n,T1n,brainmvp,6e-05,4,200,200.0,0.5,0.3418803513050079,0.4567567706108093,0.4808985888957978,0.5408870577812195,0.538754940032959,0.5668745636940002,0.5872610807418823,
7246051286.26499-8e81cba3-644f,mri_core_frozen_t2f_2025-07-31_08-04-52,july_stratified_brats23_men_vs_met_single_t2f,T2f,MRICore,2e-05,4,100,100.0,0.5,0.3418803513050079,0.4560810923576355,0.4908382296562195,0.5,0.3391304314136505,0.6379071474075317,0.6312108039855957,
7245917829.79017-f2fde5aa-aa3d,resenc_MDAETrainer_RandomMask_Flow_BS48_2000ep_pretrained_t2w_2025-08-01_21-09-50,july_stratified_brats23_men_vs_met_single_t2w,T2w,ResEncoder_Classifier,6e-05,4,200,200.0,0.5739864706993103,0.4854559898376465,0.4547297358512878,0.5285916328430176,0.9615384340286256,0.9605194330215454,1.0,1.0,
7245874505.60146-9f51a64f-0e51,resenc_pretrained_t2f_2025-08-02_09-10-03,july_stratified_brats23_men_vs_met_single_t2f,T2f,ResEncoder_Classifier,0.0001,4,200,200.0,0.6239864826202393,0.564479649066925,0.4496621787548065,0.5336846113204956,0.9743589758872986,0.9736841917037964,0.9986140131950378,0.9986577033996582,
7246051270.38987-8b0c5f2b-6577,mri_core_pretrained_t1n_2025-07-31_08-05-37,july_stratified_brats23_men_vs_met_single_t1n,T1n,MRICore,2e-05,1,100,100.0,0.5,0.3245614171028137,0.4496621489524842,0.4793471097946167,0.5128205418586731,0.3553571403026581,0.6957727670669556,0.7318373918533325,
7245586363.24536-c0c4bd7a-0084,resenc_S3D_pretrained_t2f_2025-08-05_17-14-05,july_stratified_brats23_men_vs_met_single_t2f,T2f,ResEncoder_Classifier,7e-05,4,180,180.0,0.6229729652404785,0.5722222328186035,0.4452702701091766,0.5191433429718018,0.9615384340286256,0.9605194330215454,1.0,1.0,
7246051152.26599-58372608-b091,resenc_pretrained_t2f_2025-07-31_08-05-59,july_stratified_brats23_men_vs_met_single_t2f,T2f,ResEncoder_Classifier,2e-05,4,100,100.0,0.6114864945411682,0.5455930233001709,0.4388513565063476,0.5197683572769165,0.9871795177459716,0.9868398308753968,0.9993069767951964,0.999323844909668,
7245587218.41096-18bb5492-a5aa,resenc_VF_pretrained_t1n_2025-08-05_16-58-52,july_stratified_brats23_men_vs_met_single_t1n,T1n,ResEncoder_Classifier,7e-05,4,180,180.0,0.5939189195632935,0.5631205439567566,0.4337837696075439,0.5203292369842529,0.9358974695205688,0.9341078996658324,1.0,1.0,
7245463103.73381-c079dce1-d084,eva_mg_pretrained_t2w_2025-08-07_03-35-13,july_stratified_brats23_men_vs_met_single_t2w,T2w,Eva_MAE,0.0001,2,200,200.0,0.5604729652404785,0.4761905074119568,0.433445930480957,0.5000630021095276,0.909563422203064,0.907750964164734,0.9729729890823364,0.9750757813453674,
7245973164.57488-ed0e4570-0fe6,brainiac_pretrained_t1n_2025-08-01_05-46-19,july_stratified_brats23_men_vs_met_single_t1n,T1n,brainiac,0.0001,4,100,100.0,0.574999988079071,0.473027378320694,0.4327702820301056,0.5186536312103271,0.9230769276618958,0.9208333492279052,0.9778239727020264,0.9779525399208068,
7245586376.03877-616dd192-c962,resenc_S3D_pretrained_t2w_2025-08-05_17-14-21,july_stratified_brats23_men_vs_met_single_t2w,T2w,ResEncoder_Classifier,7e-05,4,180,180.0,0.5864865183830261,0.5061224699020386,0.432432472705841,0.5001193284988403,0.9743589758872986,0.9736841917037964,0.9999999403953552,1.0,
7245876170.88636-e0c124ae-91d7,resenc_MDAETrainer_RandomMask_Flow_BS48_2000ep_pretrained_t2w_2025-08-02_10-05-58,july_stratified_brats23_men_vs_met_single_t2w,T2w,ResEncoder_Classifier,8e-05,4,200,200.0,0.5844594240188599,0.5253129005432129,0.4060810804367065,0.4972038269042969,0.9871795177459716,0.9868398308753968,1.0,1.0,
7245694015.37021-765f0609-98a0,resenc_S3D_pretrained_t1n_2025-08-04_11-19-05,july_stratified_brats23_men_vs_met_single_t1n,T1n,ResEncoder_Classifier,8e-05,4,200,200.0,0.5979729890823364,0.535444974899292,0.4033783674240112,0.4993562400341034,1.0,1.0,1.0,1.0,
7245739120.63198-6b516eb0-1b75,resenc_pretrained_t2f_2025-08-03_22-53-25,july_stratified_brats23_men_vs_met_single_t2f,T2f,ResEncoder_Classifier,8e-05,4,200,200.0,0.6229729652404785,0.5722222328186035,0.3878378570079803,0.4983721375465393,1.0,1.0,1.0,1.0,
7245586761.56969-45f16b2e-2de4,resenc_SwinUNETR_pretrained_t2f_2025-08-05_17-05-49,july_stratified_brats23_men_vs_met_single_t2f,T2f,ResEncoder_Classifier,7e-05,4,180,180.0,0.612500011920929,0.5360544323921204,0.3827702403068542,0.5018588900566101,0.9615384340286256,0.9605194330215454,1.0,1.0,
7245918706.98897-c73f76e2-2d24,resenc_pretrained_t1n_2025-08-01_20-59-33,july_stratified_brats23_men_vs_met_single_t1n,T1n,ResEncoder_Classifier,6e-05,4,200,200.0,0.6229729652404785,0.5722222328186035,0.3770270347595215,0.4892981946468353,0.9871795177459716,0.9868398308753968,1.0,1.0,
7245739160.55520-e4eb8cee-f306,resenc_pretrained_t1n_2025-08-03_22-52-20,july_stratified_brats23_men_vs_met_single_t1n,T1n,ResEncoder_Classifier,8e-05,4,200,200.0,0.6229729652404785,0.5722222328186035,0.3736486434936523,0.4746906459331513,0.9871795177459716,0.9868398308753968,1.0,1.0,
7245203875.49792-7d6e3965-0a26,resenc_VoCo_pretrained_t1n_2025-08-10_03-29-46,july_stratified_brats23_men_vs_met_single_t1n,T1n,ResEncoder_Classifier,7e-05,4,180,,,,,,,,,,
7245202541.29817-07004294-e42a,resenc_VoCo_pretrained_t1n_2025-08-10_03-46-16,july_stratified_brats23_men_vs_met_single_t1n,T1n,ResEncoder_Classifier,7e-05,4,180,,,,,,,,,,
7245201895.13237-e93ba040-3670,resenc_VoCo_pretrained_t1n_2025-08-10_03-56-53,july_stratified_brats23_men_vs_met_single_t1n,T1n,ResEncoder_Classifier,7e-05,4,180,,,,,,,,,,
7246051729.45676-587f5245-ffd8,brainiac_pretrained_t1c_2025-07-31_08-01-55,july_stratified_brats23_men_vs_met_single_t1c,T1c,brainiac,2e-05,4,100,99.0,,,,,0.792792797088623,0.7871148586273193,0.9410949945449828,0.9413574934005736,
7245375642.16327-ec8b0a4b-8e3c,dinov2_fb_pretrained_t1c_2025-08-08_19-57-33,july_stratified_brats23_men_vs_met_single_t1c,T1c,dinov2_fb,5e-05,1,50,135.0,,,,,0.5,0.3391304314136505,0.7723492383956909,0.7871685028076172,
7245974836.38347-9bc7b3b8-e189,resenc_MDAETrainer_RandomMask_Flow_BS48_2000ep_pretrained_t2w_2025-08-01_05-24-01,july_stratified_brats23_men_vs_met_single_t2w,T2w,ResEncoder_Classifier,2e-05,1,200,13.0,,,,,0.6909216642379761,0.6654438972473145,0.5932085514068604,0.6198276281356812,
7245826622.42237-e2baa6d2-b975,resenc_time_conditioned_pretrained_t2w_2025-08-02_22-32-52,july_stratified_brats23_men_vs_met_single_t2w,T2w,ResEncTimeConditioned,6e-05,4,200,,,,,,,,,,
7246051472.40858-e1e439d2-0497,dinov2_frozen_t2f_2025-07-31_08-07-37,july_stratified_brats23_men_vs_met_single_t2f,T2f,dinov2,2e-05,4,50,99.0,,,,,0.6538461446762085,0.6016307473182678,0.9099099040031432,0.9179229140281676,
7245876156.33583-9c7e0f10-9a00,resenc_MDAETrainer_RandomMask_Flow_BS48_2000ep_pretrained_t2f_2025-08-02_08-42-18,july_stratified_brats23_men_vs_met_single_t2f,T2f,ResEncoder_Classifier,8e-05,4,200,49.0,,,,,0.792792797088623,0.7871148586273193,0.8669438362121582,0.8646993041038513,
