run_id,run_name,project,modality,model,learning_rate,batch_size,epochs,epoch,Test_Balanced_Accuracy,Test_Accuracy,Test_F1,Test_AUROC,Test_AP,Test_Precision,Test_Recall,Test_Sensitivity,Test_Specificity,Val_Balanced_Accuracy,Val_F1,Val_AUROC,Val_AP,notes
7245353944.33520-0f0d6257-dcc3,resenc_MDAE_pretrained_t1_2025-08-08_09-51-52,july_stratified_upenn_gbm_idh1_status_single_t1,T1,ResEncoder_Classifier,0.0001,4,200,200,0.5,,0.4511627852916717,0.6958762407302856,0.6432573795318604,,,,,0.5,0.4507042169570923,0.5148809552192688,0.5087679624557495,pretrained | model_ResEncoder_Classifier | timestamped
7245353365.09231-4d72c67d-31c7,resenc_MDAE_pretrained_t1_2025-08-08_09-59-28,july_stratified_upenn_gbm_idh1_status_single_t1,T1,ResEncoder_Classifier,0.0001,4,200,200,0.5,,0.4511627852916717,0.6514481902122498,0.5870386958122253,,,,,0.5,0.4507042169570923,0.4980158507823944,0.5170837044715881,pretrained | model_ResEncoder_Classifier | timestamped
7245968802.65767-f2025232-8656,resenc_MDAETrainer_RandomMask_Flow_BS48_2000ep_pretrained_t1_2025-08-01_08-08-50,july_stratified_upenn_gbm_idh1_status_single_t1,T1,ResEncoder_Classifier,0.0001,4,200,200,0.5,,0.4511627852916717,0.6435935497283936,0.5866110324859619,,,,,0.5,0.4507042169570923,0.6056547164916992,0.5771713852882385,pretrained | model_ResEncoder_Classifier | timestamped
7245875753.89097-86544019-a403,resenc_MDAETrainer_RandomMask_Flow_BS48_2000ep_pretrained_t1_2025-08-02_10-21-11,july_stratified_upenn_gbm_idh1_status_single_t1,T1,ResEncoder_Classifier,0.0001,4,200,200,0.5,,0.4511627852916717,0.6435935497283936,0.5866110324859619,,,,,0.5,0.4507042169570923,0.6056547164916992,0.5771713852882385,pretrained | model_ResEncoder_Classifier | timestamped
7245884372.49502-52295c24-093c,resenc_pretrained_t1_2025-08-02_06-25-55,july_stratified_upenn_gbm_idh1_status_single_t1,T1,ResEncoder_Classifier,6e-05,4,200,200,0.5,,0.4511627852916717,0.6337751746177673,0.5761200785636902,,,,,0.5,0.4507042169570923,0.6408729553222656,0.6135175824165344,pretrained | model_ResEncoder_Classifier | timestamped
7245355302.75332-dbaae3ef-086d,resenc_MDAE_pretrained_t1_2025-08-08_10-21-16,july_stratified_upenn_gbm_idh1_status_single_t1,T1,ResEncoder_Classifier,0.0001,4,200,200,0.5,,0.4511627852916717,0.6246931552886963,0.589155912399292,,,,,0.5,0.4507042169570923,0.6579861044883728,0.583189845085144,pretrained | model_ResEncoder_Classifier | timestamped
7245874124.50814-4b2dceeb-d331,resenc_pretrained_t1_2025-08-02_09-24-48,july_stratified_upenn_gbm_idh1_status_single_t1,T1,ResEncoder_Classifier,0.0001,4,200,200,0.5,,0.4511627852916717,0.6043200492858887,0.5573133230209351,,,,,0.5,0.4507042169570923,0.6202876567840576,0.6094621419906616,pretrained | model_ResEncoder_Classifier | timestamped
7245974557.64145-b18c4168-3b67,resenc_MDAETrainer_RandomMask_Flow_BS48_2000ep_pretrained_t2_2025-08-01_05-25-48,july_stratified_upenn_gbm_idh1_status_single_t2,T2,ResEncoder_Classifier,2e-05,1,200,200,0.5,,0.4511627852916717,0.6035836935043335,0.5643071532249451,,,,,0.523809552192688,0.4982847571372986,0.7437995672225952,0.6577624678611755,pretrained | model_ResEncoder_Classifier | mod_t2 | timestamped
7245976347.17435-8709e7c1-e84b,resenc_time_conditioned_pretrained_t2_2025-08-01_04-53-26,july_stratified_upenn_gbm_idh1_status_single_t2,T2,ResEncTimeConditioned,2e-05,4,200,200,0.5083456039428711,,0.4854976236820221,0.6008836030960083,0.5585435628890991,,,,,0.664434552192688,0.6902941465377808,0.8129960298538208,0.7033261656761169,pretrained | model_ResEncTimeConditioned | mod_t2 | timestamped
7245819864.06452-d599475d-16e1,resenc_time_conditioned_pretrained_t2_2025-08-03_00-21-20,july_stratified_upenn_gbm_idh1_status_single_t2,T2,ResEncTimeConditioned,8e-05,4,200,200,0.5,,0.4511627852916717,0.5979381799697876,0.5927028059959412,,,,,0.5,0.4507042169570923,0.8157241344451904,0.7661980390548706,pretrained | model_ResEncTimeConditioned | mod_t2 | timestamped
7245917572.96815-b1d980eb-2b3f,resenc_MDAETrainer_RandomMask_Flow_BS48_2000ep_pretrained_t1_2025-08-01_21-12-30,july_stratified_upenn_gbm_idh1_status_single_t1,T1,ResEncoder_Classifier,6e-05,4,200,200,0.5,,0.4511627852916717,0.5976926684379578,0.5652678608894348,,,,,0.5,0.4507042169570923,0.5562995672225952,0.5424111485481262,pretrained | model_ResEncoder_Classifier | timestamped
7245353888.18402-0ba510e5-6911,resenc_MDAE_pretrained_t1_2025-08-08_09-50-00,july_stratified_upenn_gbm_idh1_status_single_t1,T1,ResEncoder_Classifier,0.0001,4,200,200,0.5,,0.4511627852916717,0.5974472165107727,0.565450131893158,,,,,0.5,0.4507042169570923,0.5228174924850464,0.5242847204208374,pretrained | model_ResEncoder_Classifier | timestamped
7245693655.26774-17d00cb3-75c4,resenc_S3D_pretrained_t1_2025-08-04_11-25-34,july_stratified_upenn_gbm_idh1_status_single_t1,T1,ResEncoder_Classifier,8e-05,4,200,200,0.5,,0.4511627852916717,0.5959744453430176,0.5571867823600769,,,,,0.5,0.4507042169570923,0.7286706566810608,0.6758065819740295,pretrained | model_ResEncoder_Classifier | timestamped
7245974591.27046-e72d6867-e328,resenc_MDAETrainer_RandomMask_Flow_BS48_2000ep_pretrained_t1_2025-08-01_06-02-56,july_stratified_upenn_gbm_idh1_status_single_t1,T1,ResEncoder_Classifier,2e-05,1,200,200,0.5,,0.4511627852916717,0.5954835414886475,0.566562294960022,,,,,0.5,0.4507042169570923,0.6624504327774048,0.6475672721862793,pretrained | model_ResEncoder_Classifier | timestamped
7245353742.53455-28f7f612-3824,resenc_MDAE_pretrained_t2_2025-08-08_10-00-14,july_stratified_upenn_gbm_idh1_status_single_t2,T2,ResEncoder_Classifier,0.0001,4,200,200,0.5,,0.4511627852916717,0.5952380895614624,0.5611103773117065,,,,,0.523809552192688,0.4982847571372986,0.8122520446777344,0.7608500719070435,pretrained | model_ResEncoder_Classifier | mod_t2 | timestamped
7245968768.49571-8961c2d2-6ca5,resenc_MDAETrainer_RandomMask_Flow_BS48_2000ep_pretrained_t2_2025-08-01_08-06-56,july_stratified_upenn_gbm_idh1_status_single_t2,T2,ResEncoder_Classifier,0.0001,4,200,200,0.5,,0.4511627852916717,0.593765377998352,0.5663690567016602,,,,,0.5,0.4507042169570923,0.7559523582458496,0.7097741365432739,pretrained | model_ResEncoder_Classifier | mod_t2 | timestamped
7245353808.17734-af24477c-39fa,resenc_MDAE_pretrained_t2_2025-08-08_09-51-59,july_stratified_upenn_gbm_idh1_status_single_t2,T2,ResEncoder_Classifier,0.0001,4,200,200,0.5,,0.4511627852916717,0.5905743837356567,0.5559238791465759,,,,,0.5,0.4507042169570923,0.8085317611694336,0.7077527642250061,pretrained | model_ResEncoder_Classifier | mod_t2 | timestamped
7245882023.78422-e28bf0fb-cd49,brainiac_pretrained_t1_2025-08-02_07-09-27,july_stratified_upenn_gbm_idh1_status_single_t1,T1,brainiac,6e-05,4,200,200,0.4845360815525055,,0.4433962404727936,0.5895925760269165,0.5531946420669556,,,,,0.5297619104385376,0.5293935537338257,0.5084325075149536,0.5065323710441589,pretrained | timestamped
7245353575.31867-1fb7076f-1c4c,resenc_MDAE_pretrained_t2_2025-08-08_09-55-55,july_stratified_upenn_gbm_idh1_status_single_t2,T2,ResEncoder_Classifier,0.0001,4,200,200,0.5,,0.4511627852916717,0.5881197452545166,0.5492944121360779,,,,,0.648809552192688,0.6629167199134827,0.8095238208770752,0.7208284735679626,pretrained | model_ResEncoder_Classifier | mod_t2 | timestamped
7245883939.99546-a7cca94d-63a9,resenc_MDAETrainer_RandomMask_Flow_BS48_2000ep_pretrained_t2_2025-08-02_08-23-10,july_stratified_upenn_gbm_idh1_status_single_t2,T2,ResEncoder_Classifier,6e-05,4,200,200,0.5,,0.4511627852916717,0.5851743221282959,0.577164888381958,,,,,0.5379464626312256,0.5404040217399597,0.7331348657608032,0.6181575059890747,pretrained | model_ResEncoder_Classifier | mod_t2 | timestamped
7245973718.04178-d0cc3619-598a,resenc_time_conditioned_pretrained_t2_2025-08-01_05-56-44,july_stratified_upenn_gbm_idh1_status_single_t2,T2,ResEncTimeConditioned,2e-05,1,200,200,0.5,,0.4511627852916717,0.5851743221282959,0.5677446722984314,,,,,0.5,0.4507042169570923,0.8144841194152832,0.7275940179824829,pretrained | model_ResEncTimeConditioned | mod_t2 | timestamped
7245353272.17745-c5735267-bb80,resenc_MDAE_pretrained_t2_2025-08-08_10-00-01,july_stratified_upenn_gbm_idh1_status_single_t2,T2,ResEncoder_Classifier,0.0001,4,200,200,0.5,,0.4511627852916717,0.5773196220397949,0.564410924911499,,,,,0.5,0.4507042169570923,0.836309552192688,0.7825311422348022,pretrained | model_ResEncoder_Classifier | mod_t2 | timestamped
7245348078.15732-1a07b723-685d,resenc_MDAE_pretrained_t2_2025-08-08_11-21-04,july_stratified_upenn_gbm_idh1_status_single_t2,T2,ResEncoder_Classifier,0.0001,4,200,200,0.5,,0.4511627852916717,0.5763378143310547,0.543383002281189,,,,,0.5,0.4507042169570923,0.8271329402923584,0.7900165319442749,pretrained | model_ResEncoder_Classifier | mod_t2 | timestamped
7245318076.69567-fba0f22e-ccf2,resenc_MDAE_pretrained_t2_2025-08-08_19-44-12,july_stratified_upenn_gbm_idh1_status_single_t2,T2,ResEncoder_Classifier,6e-05,4,200,200,0.5,,0.4511627852916717,0.5763377547264099,0.5477495789527893,,,,,0.5476190447807312,0.5419328212738037,0.8239086866378784,0.7342413067817688,pretrained | model_ResEncoder_Classifier | mod_t2 | timestamped
7245353919.02450-a46c3f64-66ca,resenc_MDAE_pretrained_t2_2025-08-08_09-49-48,july_stratified_upenn_gbm_idh1_status_single_t2,T2,ResEncoder_Classifier,0.0001,4,200,200,0.5,,0.4511627852916717,0.5724104046821594,0.5367342829704285,,,,,0.5714285969734192,0.5821428298950195,0.7854663133621216,0.7519182562828064,pretrained | model_ResEncoder_Classifier | mod_t2 | timestamped
7245353339.12933-f89c7822-3c79,resenc_MDAE_pretrained_t2_2025-08-08_10-02-01,july_stratified_upenn_gbm_idh1_status_single_t2,T2,ResEncoder_Classifier,0.0001,4,200,200,0.5,,0.4511627852916717,0.5724104046821594,0.5351970791816711,,,,,0.523809552192688,0.4982847571372986,0.835565447807312,0.8190968632698059,pretrained | model_ResEncoder_Classifier | mod_t2 | timestamped
7245828733.57400-b6e4bd6a-82be,resenc_time_conditioned_pretrained_t1_2025-08-02_22-43-14,july_stratified_upenn_gbm_idh1_status_single_t1,T1,ResEncTimeConditioned,0.0001,4,200,200,0.5,,0.4511627852916717,0.5704467296600342,0.5673584342002869,,,,,0.5,0.4507042169570923,0.5126488208770752,0.5215603113174438,pretrained | model_ResEncTimeConditioned | timestamped
7245826196.46278-732c80ed-8af4,resenc_time_conditioned_pretrained_t2_2025-08-02_22-40-06,july_stratified_upenn_gbm_idh1_status_single_t2,T2,ResEncTimeConditioned,6e-05,4,200,200,0.5135002732276917,,0.4897798597812652,0.5675011873245239,0.5579091310501099,,,,,0.4947916567325592,0.448113203048706,0.8735119104385376,0.76462721824646,pretrained | model_ResEncTimeConditioned | mod_t2 | timestamped
7245917546.07969-5d2bc8f4-09c8,resenc_MDAETrainer_RandomMask_Flow_BS48_2000ep_pretrained_t2_2025-08-01_21-21-56,july_stratified_upenn_gbm_idh1_status_single_t2,T2,ResEncoder_Classifier,6e-05,4,200,200,0.5135002732276917,,0.4897798597812652,0.5648012161254883,0.5421550869941711,,,,,0.5721726417541504,0.5800430774688721,0.7504960298538208,0.6623331904411316,pretrained | model_ResEncoder_Classifier | mod_t2 | timestamped
7245828702.81713-e2a29dd7-418d,resenc_time_conditioned_pretrained_t2_2025-08-03_01-59-47,july_stratified_upenn_gbm_idh1_status_single_t2,T2,ResEncTimeConditioned,0.0001,4,200,200,0.5,,0.4511627852916717,0.5640648007392883,0.5315276980400085,,,,,0.5,0.4507042169570923,0.8020833730697632,0.7158204317092896,pretrained | model_ResEncTimeConditioned | mod_t2 | timestamped
7245823969.35038-cc3199a5-2862,resenc_time_conditioned_pretrained_t2_2025-08-02_23-17-09,july_stratified_upenn_gbm_idh1_status_single_t2,T2,ResEncTimeConditioned,2e-05,4,200,200,0.5,,0.4511627852916717,0.5621011257171631,0.5443058609962463,,,,,0.5610119104385376,0.567307710647583,0.8144841194152832,0.725429892539978,pretrained | model_ResEncTimeConditioned | mod_t2 | timestamped
7245881988.55774-b50c4d30-8cc7,brainiac_pretrained_t2_2025-08-02_07-09-27,july_stratified_upenn_gbm_idh1_status_single_t2,T2,brainiac,6e-05,4,200,200,0.5,,0.4511627852916717,0.5586646795272827,0.5398234724998474,,,,,0.6197916865348816,0.6308135986328125,0.7822420597076416,0.6971184611320496,pretrained | mod_t2 | timestamped
7245969585.60483-e573eb12-9018,dinov2_pretrained_t2_2025-08-01_07-05-53,july_stratified_upenn_gbm_idh1_status_single_t2,T2,dinov2,0.0001,1,50,100,0.5,,0.4511627852916717,0.5569465160369873,0.5776256918907166,,,,,0.5,0.4507042169570923,0.5627480149269104,0.5592143535614014,pretrained | mod_t2 | timestamped
7245355479.83027-fbd2c024-dcbe,resenc_MDAE_pretrained_t1_2025-08-08_09-24-37,july_stratified_upenn_gbm_idh1_status_single_t1,T1,ResEncoder_Classifier,0.0001,4,200,200,0.5,,0.4511627852916717,0.5564556121826172,0.5528715252876282,,,,,0.5,0.4507042169570923,0.6103670597076416,0.6169710159301758,pretrained | model_ResEncoder_Classifier | timestamped
7245355568.88359-a61d66f2-5c97,resenc_MDAE_pretrained_t2_2025-08-08_09-23-41,july_stratified_upenn_gbm_idh1_status_single_t2,T2,ResEncoder_Classifier,0.0001,4,200,200,0.5,,0.4511627852916717,0.5535100698471069,0.5341958999633789,,,,,0.590029776096344,0.6105769276618958,0.8129960298538208,0.7337303161621094,pretrained | model_ResEncoder_Classifier | mod_t2 | timestamped
7245738780.33326-7f92111b-7738,resenc_pretrained_t2_2025-08-03_22-57-51,july_stratified_upenn_gbm_idh1_status_single_t2,T2,ResEncoder_Classifier,8e-05,1,200,200,0.5,,0.4511627852916717,0.5525282621383667,0.5532190799713135,,,,,0.5,0.4507042169570923,0.8236607313156128,0.8117382526397705,pretrained | model_ResEncoder_Classifier | mod_t2 | timestamped
7245875728.91423-b530b089-1b0a,resenc_MDAETrainer_RandomMask_Flow_BS48_2000ep_pretrained_t2_2025-08-02_10-25-41,july_stratified_upenn_gbm_idh1_status_single_t2,T2,ResEncoder_Classifier,0.0001,4,200,200,0.5,,0.4511627852916717,0.5478644371032715,0.5584365129470825,,,,,0.5796130895614624,0.5943134427070618,0.8134920597076416,0.7406978607177734,pretrained | model_ResEncoder_Classifier | mod_t2 | timestamped
7245916697.58337-1a491c05-cf99,resenc_time_conditioned_pretrained_t2_2025-08-01_21-27-30,july_stratified_upenn_gbm_idh1_status_single_t2,T2,ResEncTimeConditioned,6e-05,4,200,200,0.5,,0.4511627852916717,0.5439372062683105,0.5674843192100525,,,,,0.5,0.4507042169570923,0.88442462682724,0.8415066003799438,pretrained | model_ResEncTimeConditioned | mod_t2 | timestamped
7245353453.15296-37cc630c-755f,resenc_MDAE_pretrained_t2_2025-08-08_09-59-13,july_stratified_upenn_gbm_idh1_status_single_t2,T2,ResEncoder_Classifier,0.0001,4,200,200,0.5,,0.4511627852916717,0.5429553389549255,0.5279858708381653,,,,,0.574404776096344,0.5867115259170532,0.7827380895614624,0.6793201565742493,pretrained | model_ResEncoder_Classifier | mod_t2 | timestamped
7245874027.66958-1fd74ba0-1404,resenc_pretrained_t2_2025-08-02_09-24-49,july_stratified_upenn_gbm_idh1_status_single_t2,T2,ResEncoder_Classifier,0.0001,4,200,200,0.5,,0.4511627852916717,0.5417280197143555,0.5764380693435669,,,,,0.5930059552192688,0.6095662117004395,0.7986111640930176,0.721354603767395,pretrained | model_ResEncoder_Classifier | mod_t2 | timestamped
7245695192.57649-541e5a61-0794,resenc_SimCLR_pretrained_t2_2025-08-04_10-58-30,july_stratified_upenn_gbm_idh1_status_single_t2,T2,ResEncoder_Classifier,8e-05,4,200,200,0.5,,0.4511627852916717,0.5385370850563049,0.5135605335235596,,,,,0.5,0.4507042169570923,0.8062995672225952,0.7068192362785339,pretrained | model_ResEncoder_Classifier | mod_t2 | timestamped
7245353974.12193-1ddcf39d-7cf9,resenc_MDAE_pretrained_t2_2025-08-08_09-51-35,july_stratified_upenn_gbm_idh1_status_single_t2,T2,ResEncoder_Classifier,0.0001,4,200,200,0.4948453605175018,,0.4485981166362762,0.5385370850563049,0.5243514776229858,,,,,0.523809552192688,0.4982847571372986,0.801835298538208,0.7444655299186707,pretrained | model_ResEncoder_Classifier | mod_t2 | timestamped
7245971208.68299-a40e0873-2b0c,brainmvp_pretrained_t2_2025-08-01_06-34-11,july_stratified_upenn_gbm_idh1_status_single_t2,T2,brainmvp,0.0001,1,100,100,0.5,,0.4511627852916717,0.537800669670105,0.5549446940422058,,,,,0.5,0.4507042169570923,0.7457836866378784,0.6589189767837524,pretrained | mod_t2 | timestamped
7245357184.60728-5d4bd0cc-3fae,resenc_MDAE_pretrained_t1_2025-08-08_08-58-06,july_stratified_upenn_gbm_idh1_status_single_t1,T1,ResEncoder_Classifier,0.0001,4,200,200,0.5,,0.4511627852916717,0.5363279581069946,0.5416021943092346,,,,,0.5,0.4507042169570923,0.60615074634552,0.5891581177711487,pretrained | model_ResEncoder_Classifier | timestamped
7245694393.12283-cf3ae3ab-9207,resenc_MG_pretrained_t2_2025-08-04_11-20-46,july_stratified_upenn_gbm_idh1_status_single_t2,T2,ResEncoder_Classifier,8e-05,4,200,200,0.5,,0.4511627852916717,0.5341187715530396,0.5279952883720398,,,,,0.5877976417541504,0.6017945408821106,0.8239087462425232,0.7131699323654175,pretrained | model_ResEncoder_Classifier | mod_t2 | timestamped
7245882375.94298-7bbefdde-cd65,brainmvp_pretrained_t2_2025-08-02_07-03-07,july_stratified_upenn_gbm_idh1_status_single_t2,T2,brainmvp,6e-05,4,200,200,0.5,,0.4511627852916717,0.5333824157714844,0.5926079750061035,,,,,0.508184552192688,0.4849760830402374,0.5615079402923584,0.5473318099975586,pretrained | mod_t2 | timestamped
7245972849.73589-01978094-df09,brainiac_pretrained_t2_2025-08-01_05-56-29,july_stratified_upenn_gbm_idh1_status_single_t2,T2,brainiac,0.0001,1,100,100,0.5,,0.4511627852916717,0.5324006080627441,0.5264393091201782,,,,,0.5,0.4507042169570923,0.666914701461792,0.5894616842269897,pretrained | mod_t2 | timestamped
7245694419.58277-5e0b8211-8d1d,resenc_MG_pretrained_t1_2025-08-04_11-16-41,july_stratified_upenn_gbm_idh1_status_single_t1,T1,ResEncoder_Classifier,8e-05,4,200,200,0.5,,0.4511627852916717,0.5321551561355591,0.5104435682296753,,,,,0.5,0.4507042169570923,0.6383928060531616,0.5799469351768494,pretrained | model_ResEncoder_Classifier | timestamped
7245693629.98136-d0a28706-2e9d,resenc_S3D_pretrained_t2_2025-08-04_11-26-14,july_stratified_upenn_gbm_idh1_status_single_t2,T2,ResEncoder_Classifier,8e-05,4,200,200,0.5,,0.4511627852916717,0.5321551561355591,0.5376662611961365,,,,,0.5,0.4507042169570923,0.8789682388305664,0.8683285713195801,pretrained | model_ResEncoder_Classifier | mod_t2 | timestamped
7245739094.94730-ad380815-553b,mri_core_pretrained_t1_2025-08-03_22-54-08,july_stratified_upenn_gbm_idh1_status_single_t1,T1,MRICore,0.0001,1,100,100,0.5,,0.4511627852916717,0.5282278060913086,0.5096378326416016,,,,,0.5,0.4507042169570923,0.5133928656578064,0.5056451559066772,pretrained | model_MRICore | timestamped
7245465062.07268-50548245-ef8f,eva_mdae_pretrained_t2_2025-08-07_02-54-50,july_stratified_upenn_gbm_idh1_status_single_t2,T2,Eva_MAE,0.0001,2,200,200,0.4948453605175018,,0.4485981166362762,0.5267549753189087,0.5335810780525208,,,,,0.5952380895614624,0.6193301677703857,0.8457341194152832,0.8079938888549805,pretrained | model_Eva_MAE | mod_t2 | timestamped
7245355387.53640-40b00ae6-310b,resenc_MDAE_pretrained_t2_2025-08-08_09-31-56,july_stratified_upenn_gbm_idh1_status_single_t2,T2,ResEncoder_Classifier,0.0001,4,200,200,0.5,,0.4511627852916717,0.5265096426010132,0.551058292388916,,,,,0.5,0.4507042169570923,0.8680555820465088,0.7728140354156494,pretrained | model_ResEncoder_Classifier | mod_t2 | timestamped
7245355660.95304-b3128d6e-05fd,resenc_MDAE_pretrained_t1_2025-08-08_09-27-49,july_stratified_upenn_gbm_idh1_status_single_t1,T1,ResEncoder_Classifier,0.0001,4,200,200,0.5,,0.4511627852916717,0.5255277156829834,0.5328744649887085,,,,,0.5,0.4507042169570923,0.5602678060531616,0.5382640957832336,pretrained | model_ResEncoder_Classifier | timestamped
7245823995.59588-77feb62e-2895,resenc_time_conditioned_pretrained_t1_2025-08-02_23-17-04,july_stratified_upenn_gbm_idh1_status_single_t1,T1,ResEncTimeConditioned,2e-05,4,200,200,0.5,,0.4511627852916717,0.5252822637557983,0.5302642583847046,,,,,0.5,0.4507042169570923,0.4893353283405304,0.5028465390205383,pretrained | model_ResEncTimeConditioned | timestamped
7245695966.29660-eb596bd9-d694,resenc_VoCo_pretrained_t2_2025-08-04_10-45-48,july_stratified_upenn_gbm_idh1_status_single_t2,T2,ResEncoder_Classifier,8e-05,4,200,200,0.5,,0.4511627852916717,0.5245459079742432,0.532110333442688,,,,,0.5,0.4507042169570923,0.7745535373687744,0.7698619365692139,pretrained | model_ResEncoder_Classifier | mod_t2 | timestamped
7245606370.26208-7633f05b-f19a,resenc_time_conditioned_pretrained_t2_2025-08-05_11-56-10,july_stratified_upenn_gbm_idh1_status_single_t2,T2,ResEncTimeConditioned,3e-05,4,200,200,0.5,,0.4511627852916717,0.5245459079742432,0.5189458131790161,,,,,0.5,0.4507042169570923,0.78125,0.6908884048461914,pretrained | model_ResEncTimeConditioned | mod_t2 | timestamped
7245883557.57361-842a4fe6-883d,resenc_time_conditioned_pretrained_t2_2025-08-02_06-44-30,july_stratified_upenn_gbm_idh1_status_single_t2,T2,ResEncTimeConditioned,6e-05,4,200,200,0.5,,0.4511627852916717,0.5223367214202881,0.5420384407043457,,,,,0.5,0.4507042169570923,0.8194444179534912,0.8142601251602173,pretrained | model_ResEncTimeConditioned | mod_t2 | timestamped
7245353863.41357-4c4855f3-efe3,resenc_MDAE_pretrained_t2_2025-08-08_10-22-42,july_stratified_upenn_gbm_idh1_status_single_t2,T2,ResEncoder_Classifier,0.0001,4,200,200,0.5,,0.4511627852916717,0.5213549137115479,0.5206125378608704,,,,,0.5691964626312256,0.5794117450714111,0.7896825075149536,0.7072017192840576,pretrained | model_ResEncoder_Classifier | mod_t2 | timestamped
7245977154.52548-490cf81f-ad98,resenc_MDAETrainer_RandomMask_Flow_BS48_2000ep_pretrained_t2_2025-08-01_06-27-28,july_stratified_upenn_gbm_idh1_status_single_t2,T2,ResEncoder_Classifier,2e-05,4,200,200,0.5,,0.4511627852916717,0.5211094617843628,0.534113347530365,,,,,0.6197916865348816,0.6308135986328125,0.7098214626312256,0.6724485754966736,pretrained | model_ResEncoder_Classifier | mod_t2 | timestamped
7245353681.33714-b280c583-5721,resenc_MDAE_pretrained_t2_2025-08-08_09-47-07,july_stratified_upenn_gbm_idh1_status_single_t2,T2,ResEncoder_Classifier,0.0001,4,200,200,0.5,,0.4511627852916717,0.5206185579299927,0.5325936675071716,,,,,0.5424107313156128,0.5357142686843872,0.891865074634552,0.7980022430419922,pretrained | model_ResEncoder_Classifier | mod_t2 | timestamped
7245740611.77791-6c34778b-41c1,dinov2_pretrained_t2_2025-08-03_22-28-19,july_stratified_upenn_gbm_idh1_status_single_t2,T2,dinov2,8e-05,4,50,200,0.5434462428092957,,0.4705128371715545,0.5198822021484375,0.527873694896698,,,,,0.5,0.4507042169570923,0.5897817611694336,0.5518758893013,pretrained | mod_t2 | timestamped
7245608026.11683-c03d7c36-baac,resenc_MDAETrainer_RandomMask_Flow_BS48_2000ep_pretrained_t2_2025-08-05_11-19-14,july_stratified_upenn_gbm_idh1_status_single_t2,T2,ResEncoder_Classifier,3e-05,4,200,200,0.5,,0.4511627852916717,0.5193912982940674,0.5196527242660522,,,,,0.5714285969734192,0.5821428298950195,0.810019850730896,0.7795021533966064,pretrained | model_ResEncoder_Classifier | mod_t2 | timestamped
7245873275.06933-6093543a-a4ca,resenc_MDAETrainer_RandomMask_Flow_BS48_2000ep_pretrained_t2_2025-08-02_09-31-10,july_stratified_upenn_gbm_idh1_status_single_t2,T2,ResEncoder_Classifier,0.0001,4,200,200,0.5,,0.4511627852916717,0.5191458463668823,0.5279927253723145,,,,,0.5476190447807312,0.5419328212738037,0.8864086866378784,0.7931041717529297,pretrained | model_ResEncoder_Classifier | mod_t2 | timestamped
7245353421.72745-a46c47f4-e11e,resenc_MDAE_pretrained_t1_2025-08-08_09-59-47,july_stratified_upenn_gbm_idh1_status_single_t1,T1,ResEncoder_Classifier,0.0001,4,200,200,0.5,,0.4511627852916717,0.5184094905853271,0.5104230046272278,,,,,0.5,0.4507042169570923,0.643105149269104,0.5785951614379883,pretrained | model_ResEncoder_Classifier | timestamped
7245355332.55868-e07afd2f-337a,resenc_MDAE_pretrained_t2_2025-08-08_10-25-56,july_stratified_upenn_gbm_idh1_status_single_t2,T2,ResEncoder_Classifier,0.0001,4,200,200,0.5,,0.4511627852916717,0.5184094309806824,0.5167114734649658,,,,,0.5424107313156128,0.5357142686843872,0.8794642686843872,0.7880229949951172,pretrained | model_ResEncoder_Classifier | mod_t2 | timestamped
7245883193.58069-e29f9afa-acbd,mri_core_pretrained_t1_2025-08-02_06-45-14,july_stratified_upenn_gbm_idh1_status_single_t1,T1,MRICore,6e-05,4,200,200,0.5,,0.4511627852916717,0.5164457559585571,0.5049822330474854,,,,,0.5,0.4507042169570923,0.4709821343421936,0.4986744523048401,pretrained | model_MRICore | timestamped
7245970419.98256-117d6776-24d8,resenc_time_conditioned_pretrained_t2_2025-08-01_06-33-45,july_stratified_upenn_gbm_idh1_status_single_t2,T2,ResEncTimeConditioned,0.0001,4,200,200,0.5,,0.4511627852916717,0.5137456655502319,0.5749301910400391,,,,,0.5,0.4507042169570923,0.7507440447807312,0.6631186008453369,pretrained | model_ResEncTimeConditioned | mod_t2 | timestamped
7245461241.12701-9d24775a-c639,eva_voco_pretrained_t2_2025-08-07_03-58-19,july_stratified_upenn_gbm_idh1_status_single_t2,T2,Eva_MAE,0.0001,2,200,200,0.5,,0.4511627852916717,0.5130093097686768,0.5210124254226685,,,,,0.6197916865348816,0.6308135986328125,0.7628967761993408,0.6746675968170166,pretrained | model_Eva_MAE | mod_t2 | timestamped
7245717569.39481-0b9161f2-f105,brainmvp_pretrained_t2_2025-08-04_04-51-53,july_stratified_upenn_gbm_idh1_status_single_t2,T2,brainmvp,6e-05,1,200,200,0.5,,0.4511627852916717,0.5100637674331665,0.5075473189353943,,,,,0.5,0.4507042169570923,0.6121031641960144,0.5605410933494568,pretrained | mod_t2 | timestamped
7245355511.41100-d63c4d50-c09a,resenc_MDAE_pretrained_t2_2025-08-08_09-30-09,july_stratified_upenn_gbm_idh1_status_single_t2,T2,ResEncoder_Classifier,0.0001,4,200,200,0.4845360815525055,,0.4433962404727936,0.5098183155059814,0.5016587972640991,,,,,0.5424107313156128,0.5357142686843872,0.828869104385376,0.7355626821517944,pretrained | model_ResEncoder_Classifier | mod_t2 | timestamped
7245465057.08222-f2146e60-864b,eva_simmim_pretrained_t2_2025-08-07_02-54-59,july_stratified_upenn_gbm_idh1_status_single_t2,T2,Eva_MAE,0.0001,2,200,200,0.5,,0.4511627852916717,0.508100152015686,0.5203684568405151,,,,,0.5,0.4507042169570923,0.7827380895614624,0.6712878942489624,pretrained | model_Eva_MAE | mod_t2 | timestamped
7245355621.55819-b6bb4d57-2e95,resenc_MDAE_pretrained_t2_2025-08-08_09-21-43,july_stratified_upenn_gbm_idh1_status_single_t2,T2,ResEncoder_Classifier,0.0001,4,200,200,0.5,,0.4511627852916717,0.507118284702301,0.5134992599487305,,,,,0.5714285969734192,0.5821428298950195,0.841269850730896,0.8140130043029785,pretrained | model_ResEncoder_Classifier | mod_t2 | timestamped
7245462526.10680-783462e0-75f4,eva_vf_pretrained_t2_2025-08-07_03-48-20,july_stratified_upenn_gbm_idh1_status_single_t2,T2,Eva_MAE,0.0001,2,200,200,0.4928816854953766,,0.4732142984867096,0.5068728923797607,0.5152772665023804,,,,,0.5558035969734192,0.5603864789009094,0.8196924924850464,0.7193360328674316,pretrained | model_Eva_MAE | mod_t2 | timestamped
7245353220.75072-d30eda57-9fa3,resenc_MDAE_pretrained_t2_2025-08-08_09-59-39,july_stratified_upenn_gbm_idh1_status_single_t2,T2,ResEncoder_Classifier,0.0001,4,200,200,0.5,,0.4511627852916717,0.5068728923797607,0.5439893007278442,,,,,0.5952380895614624,0.6193301677703857,0.8551587462425232,0.8098421096801758,pretrained | model_ResEncoder_Classifier | mod_t2 | timestamped
7245875005.45990-11fbd9cb-e22d,resenc_time_conditioned_pretrained_t2_2025-08-02_09-01-26,july_stratified_upenn_gbm_idh1_status_single_t2,T2,ResEncTimeConditioned,8e-05,4,200,200,0.5,,0.4511627852916717,0.5063819289207458,0.542178750038147,,,,,0.5,0.4507042169570923,0.8685516119003296,0.8311065435409546,pretrained | model_ResEncTimeConditioned | mod_t2 | timestamped
7245884345.71337-520cb63b-41a0,resenc_pretrained_t2_2025-08-02_07-59-53,july_stratified_upenn_gbm_idh1_status_single_t2,T2,ResEncoder_Classifier,6e-05,4,200,200,0.5,,0.4511627852916717,0.506136417388916,0.5192956924438477,,,,,0.5,0.4507042169570923,0.7976189851760864,0.6932764053344727,pretrained | model_ResEncoder_Classifier | mod_t2 | timestamped
7245353706.37875-9fe8e939-b105,resenc_MDAE_pretrained_t1_2025-08-08_09-56-25,july_stratified_upenn_gbm_idh1_status_single_t1,T1,ResEncoder_Classifier,0.0001,4,200,200,0.5,,0.4511627852916717,0.5058910250663757,0.5234236717224121,,,,,0.5,0.4507042169570923,0.6944444179534912,0.6470900177955627,pretrained | model_ResEncoder_Classifier | timestamped
7245696723.48030-4af303c5-7c6e,resenc_SwinUNETR_pretrained_t2_2025-08-04_10-34-42,july_stratified_upenn_gbm_idh1_status_single_t2,T2,ResEncoder_Classifier,8e-05,4,200,200,0.5,,0.4511627852916717,0.5049091577529907,0.5531506538391113,,,,,0.6086309552192688,0.6348820924758911,0.7594245672225952,0.7263749837875366,pretrained | model_ResEncoder_Classifier | mod_t2 | timestamped
7245717596.32182-23d04842-929e,brainmvp_pretrained_t1_2025-08-04_04-51-48,july_stratified_upenn_gbm_idh1_status_single_t1,T1,brainmvp,6e-05,1,200,200,0.5,,0.4511627852916717,0.5041728019714355,0.5329150557518005,,,,,0.5,0.4507042169570923,0.5014880895614624,0.5342823266983032,pretrained | timestamped
7245695992.29545-4d590036-da24,resenc_VoCo_pretrained_t1_2025-08-04_10-45-07,july_stratified_upenn_gbm_idh1_status_single_t1,T1,ResEncoder_Classifier,8e-05,4,200,200,0.5,,0.4511627852916717,0.5029454827308655,0.5066399574279785,,,,,0.5,0.4507042169570923,0.523065447807312,0.5225068926811218,pretrained | model_ResEncoder_Classifier | timestamped
7245353625.50696-39b982ac-b877,resenc_MDAE_pretrained_t2_2025-08-08_09-56-49,july_stratified_upenn_gbm_idh1_status_single_t2,T2,ResEncoder_Classifier,0.0001,4,200,200,0.5,,0.4511627852916717,0.5019636154174805,0.5122225284576416,,,,,0.6882440447807312,0.7144292593002319,0.8105158805847168,0.7090851068496704,pretrained | model_ResEncoder_Classifier | mod_t2 | timestamped
7245973744.42673-2261a8c8-c5d5,resenc_time_conditioned_pretrained_t1_2025-08-01_06-02-35,july_stratified_upenn_gbm_idh1_status_single_t1,T1,ResEncTimeConditioned,2e-05,1,200,200,0.5,,0.4511627852916717,0.4997545480728149,0.4988586902618408,,,,,0.5,0.4507042169570923,0.4915674328804016,0.5138333439826965,pretrained | model_ResEncTimeConditioned | timestamped
7245969614.27667-a0b85e22-8c81,dinov2_pretrained_t1_2025-08-01_06-46-19,july_stratified_upenn_gbm_idh1_status_single_t1,T1,dinov2,0.0001,1,50,100,0.5,,0.4511627852916717,0.4980363249778747,0.5065999031066895,,,,,0.5,0.4507042169570923,0.4774305522441864,0.5049856305122375,pretrained | timestamped
7245355414.00914-b3b178a7-401c,resenc_MDAE_pretrained_t1_2025-08-08_09-32-25,july_stratified_upenn_gbm_idh1_status_single_t1,T1,ResEncoder_Classifier,0.0001,4,200,200,0.5,,0.4511627852916717,0.4977908730506897,0.5072328448295593,,,,,0.5,0.4507042169570923,0.546875,0.547012209892273,pretrained | model_ResEncoder_Classifier | timestamped
7245318899.96232-99f59e38-1d6d,resenc_MDAE_pretrained_t2_2025-08-08_19-31-30,july_stratified_upenn_gbm_idh1_status_single_t2,T2,ResEncoder_Classifier,6e-05,4,200,200,0.5,,0.4511627852916717,0.4950908422470093,0.5335333347320557,,,,,0.6428571343421936,0.6859903335571289,0.7966269850730896,0.7601985931396484,pretrained | model_ResEncoder_Classifier | mod_t2 | timestamped
7245873300.67058-da9839ba-715a,resenc_MDAETrainer_RandomMask_Flow_BS48_2000ep_pretrained_t1_2025-08-02_09-30-24,july_stratified_upenn_gbm_idh1_status_single_t1,T1,ResEncoder_Classifier,0.0001,4,200,200,0.5,,0.4511627852916717,0.4909179806709289,0.5088480710983276,,,,,0.5,0.4507042169570923,0.622519850730896,0.5745041370391846,pretrained | model_ResEncoder_Classifier | timestamped
7245355536.10260-00b9416a-0b93,resenc_MDAE_pretrained_t1_2025-08-08_09-29-20,july_stratified_upenn_gbm_idh1_status_single_t1,T1,ResEncoder_Classifier,0.0001,4,200,200,0.5,,0.4511627852916717,0.4906725883483886,0.5235073566436768,,,,,0.5,0.4507042169570923,0.6113591194152832,0.5827417969703674,pretrained | model_ResEncoder_Classifier | timestamped
7245718514.26054-32c547ce-f948,brainiac_scratch_t2_2025-08-04_04-36-47,july_stratified_upenn_gbm_idh1_status_single_t2,T2,brainiac,6e-05,1,200,200,0.5,,0.4511627852916717,0.4887089133262634,0.5107294321060181,,,,,0.6473214626312256,0.614814817905426,0.660342276096344,0.5752592086791992,scratch | mod_t2 | timestamped
7245353115.34684-eac4aec1-528b,resenc_MDAE_pretrained_t2_2025-08-08_10-03-20,july_stratified_upenn_gbm_idh1_status_single_t2,T2,ResEncoder_Classifier,0.0001,4,200,200,0.5,,0.4511627852916717,0.4879724979400635,0.517246663570404,,,,,0.5982142686843872,0.6176470518112183,0.8422619104385376,0.7267719507217407,pretrained | model_ResEncoder_Classifier | mod_t2 | timestamped
7245522078.94320-ee019def-bf81,eva_mdae_pretrained_t2_2025-08-06_11-03-58,july_stratified_upenn_gbm_idh1_status_single_t2,T2,Eva_MAE,5e-05,2,200,200,0.5,,0.4511627852916717,0.4860088229179382,0.5044891834259033,,,,,0.5476190447807312,0.5419328212738037,0.7832341194152832,0.7702780961990356,pretrained | model_Eva_MAE | mod_t2 | timestamped
7245608052.42814-1837989a-c975,resenc_MDAETrainer_RandomMask_Flow_BS48_2000ep_pretrained_t1_2025-08-05_11-19-13,july_stratified_upenn_gbm_idh1_status_single_t1,T1,ResEncoder_Classifier,3e-05,4,200,200,0.5,,0.4511627852916717,0.485027015209198,0.5102494955062866,,,,,0.4947916567325592,0.448113203048706,0.6163194179534912,0.5611125230789185,pretrained | model_ResEncoder_Classifier | timestamped
7245607215.06673-672e3b18-f52f,resenc_multimodal_mm_mdae_pretrained_pretrained_t1_2025-08-05_11-24-42,july_stratified_upenn_gbm_idh1_status_single_t1,T1,ResEncoderMultiModal_Classifier,3e-05,4,200,200,0.5,,0.4511627852916717,0.485027015209198,0.5102494955062866,,,,,0.4947916567325592,0.448113203048706,0.6163194179534912,0.5611125230789185,pretrained | model_ResEncoderMultiModal_Classifier | timestamped
7245355277.70295-51fb97ab-3c02,resenc_MDAE_pretrained_t2_2025-08-08_10-22-21,july_stratified_upenn_gbm_idh1_status_single_t2,T2,ResEncoder_Classifier,0.0001,4,200,200,0.5,,0.4511627852916717,0.4850269854068756,0.5091943740844727,,,,,0.5424107313156128,0.5357142686843872,0.8794642686843872,0.7651032209396362,pretrained | model_ResEncoder_Classifier | mod_t2 | timestamped
7245883166.80998-6c6c66e2-aeae,mri_core_pretrained_t2_2025-08-02_06-50-51,july_stratified_upenn_gbm_idh1_status_single_t2,T2,MRICore,6e-05,4,200,200,0.5,,0.4511627852916717,0.4830633401870727,0.5134349465370178,,,,,0.5,0.4507042169570923,0.6421130895614624,0.5683773756027222,pretrained | model_MRICore | mod_t2 | timestamped
7245353167.83126-cf1e4ecb-e1df,resenc_MDAE_pretrained_t2_2025-08-08_10-00-03,july_stratified_upenn_gbm_idh1_status_single_t2,T2,ResEncoder_Classifier,0.0001,4,200,200,0.5,,0.4511627852916717,0.4810996651649475,0.545630693435669,,,,,0.6086309552192688,0.6348820924758911,0.8442460298538208,0.7539561986923218,pretrained | model_ResEncoder_Classifier | mod_t2 | timestamped
7245718603.77987-10528252-5035,brainiac_pretrained_t1_2025-08-04_04-35-17,july_stratified_upenn_gbm_idh1_status_single_t1,T1,brainiac,6e-05,1,200,200,0.5,,0.4511627852916717,0.4788905382156372,0.5249496102333069,,,,,0.5,0.4507042169570923,0.5091766119003296,0.5176807641983032,pretrained | timestamped
7245882799.58402-7b0dd730-abd8,dinov2_pretrained_t1_2025-08-02_06-53-00,july_stratified_upenn_gbm_idh1_status_single_t1,T1,dinov2,6e-05,4,50,200,0.4953362643718719,,0.4924731254577636,0.4776632189750671,0.5155161619186401,,,,,0.5,0.4507042169570923,0.523065447807312,0.5169692635536194,pretrained | timestamped
7245606395.95459-03ce8325-5363,resenc_time_conditioned_pretrained_t1_2025-08-05_11-49-08,july_stratified_upenn_gbm_idh1_status_single_t1,T1,ResEncTimeConditioned,3e-05,4,200,200,0.5,,0.4511627852916717,0.4766814112663269,0.5495631098747253,,,,,0.5,0.4507042169570923,0.4982638955116272,0.5181722044944763,pretrained | model_ResEncTimeConditioned | timestamped
7245972884.54240-f31f8ee3-014a,brainiac_pretrained_t1_2025-08-01_05-57-12,july_stratified_upenn_gbm_idh1_status_single_t1,T1,brainiac,0.0001,1,100,100,0.5,,0.4511627852916717,0.4742268025875091,0.4854990541934967,,,,,0.5,0.4507042169570923,0.5401785373687744,0.53005051612854,pretrained | timestamped
7245353396.24369-9c4897a8-5e89,resenc_MDAE_pretrained_t2_2025-08-08_09-59-54,july_stratified_upenn_gbm_idh1_status_single_t2,T2,ResEncoder_Classifier,0.0001,4,200,200,0.5,,0.4511627852916717,0.4742267727851868,0.4972274005413055,,,,,0.5691964626312256,0.5794117450714111,0.7470238208770752,0.6729018092155457,pretrained | model_ResEncoder_Classifier | mod_t2 | timestamped
7245462571.72247-ac3cb891-637d,eva_vf_pretrained_t1_2025-08-07_03-48-25,july_stratified_upenn_gbm_idh1_status_single_t1,T1,Eva_MAE,0.0001,2,200,200,0.5,,0.4511627852916717,0.4712812900543213,0.4955909252166748,,,,,0.4895833432674408,0.4454976320266723,0.6091269850730896,0.5427417755126953,pretrained | model_Eva_MAE | timestamped
7245353600.29713-b6141c75-b6a2,resenc_MDAE_pretrained_t1_2025-08-08_09-56-56,july_stratified_upenn_gbm_idh1_status_single_t1,T1,ResEncoder_Classifier,0.0001,4,200,200,0.5,,0.4511627852916717,0.469072163105011,0.5094619989395142,,,,,0.5,0.4507042169570923,0.575644850730896,0.5458736419677734,pretrained | model_ResEncoder_Classifier | timestamped
7245976373.01254-568199dc-dde6,resenc_time_conditioned_pretrained_t1_2025-08-01_06-03-04,july_stratified_upenn_gbm_idh1_status_single_t1,T1,ResEncTimeConditioned,2e-05,4,200,200,0.5,,0.4511627852916717,0.4675993919372558,0.4989728927612304,,,,,0.5,0.4507042169570923,0.6187996864318848,0.6131497621536255,pretrained | model_ResEncTimeConditioned | timestamped
7245462475.93750-130dfcc5-555a,eva_mg_pretrained_t2_2025-08-07_03-45-50,july_stratified_upenn_gbm_idh1_status_single_t2,T2,Eva_MAE,0.0001,2,200,200,0.4896907210350036,,0.4460093975067138,0.4663721024990082,0.503987193107605,,,,,0.5483630895614624,0.552647054195404,0.717013955116272,0.6391960382461548,pretrained | model_Eva_MAE | mod_t2 | timestamped
7245882773.90007-4bd83706-d945,dinov2_pretrained_t2_2025-08-02_06-57-49,july_stratified_upenn_gbm_idh1_status_single_t2,T2,dinov2,6e-05,4,50,200,0.5,,0.4511627852916717,0.465635746717453,0.5053589344024658,,,,,0.5,0.4507042169570923,0.7207341194152832,0.6084332466125488,pretrained | mod_t2 | timestamped
7245319697.26931-9dbcd1f1-4301,resenc_MDAE_pretrained_t2_2025-08-08_19-17-05,july_stratified_upenn_gbm_idh1_status_single_t2,T2,ResEncoder_Classifier,6e-05,4,200,200,0.5,,0.4511627852916717,0.4629356861114502,0.4923717379570007,,,,,0.6034226417541504,0.626072347164154,0.8417658805847168,0.76728355884552,pretrained | model_ResEncoder_Classifier | mod_t2 | timestamped
7245977189.97286-aba9f5b1-288c,resenc_MDAETrainer_RandomMask_Flow_BS48_2000ep_pretrained_t1_2025-08-01_06-30-34,july_stratified_upenn_gbm_idh1_status_single_t1,T1,ResEncoder_Classifier,2e-05,4,200,200,0.5,,0.4511627852916717,0.4624447822570801,0.4938864707946777,,,,,0.5483630895614624,0.552647054195404,0.6351686716079712,0.5826634764671326,pretrained | model_ResEncoder_Classifier | timestamped
7245883973.49800-23642595-fa55,resenc_MDAETrainer_RandomMask_Flow_BS48_2000ep_pretrained_t1_2025-08-02_08-23-15,july_stratified_upenn_gbm_idh1_status_single_t1,T1,ResEncoder_Classifier,6e-05,4,200,200,0.5,,0.4511627852916717,0.4624447822570801,0.5400429368019104,,,,,0.5,0.4507042169570923,0.4640377163887024,0.4887458980083465,pretrained | model_ResEncoder_Classifier | timestamped
7245918371.37031-94026420-5629,resenc_pretrained_t2_2025-08-01_20-59-09,july_stratified_upenn_gbm_idh1_status_single_t2,T2,ResEncoder_Classifier,6e-05,1,200,200,0.5,,0.4511627852916717,0.4619538486003876,0.499094545841217,,,,,0.5,0.4507042169570923,0.8003472089767456,0.7000837922096252,pretrained | model_ResEncoder_Classifier | mod_t2 | timestamped
7245465115.63680-97da9ccc-143e,eva_mdae_pretrained_t1_2025-08-07_02-54-11,july_stratified_upenn_gbm_idh1_status_single_t1,T1,Eva_MAE,0.0001,2,200,200,0.5,,0.4511627852916717,0.4590083360671997,0.4880967140197754,,,,,0.4895833432674408,0.4454976320266723,0.5585317611694336,0.5513386130332947,pretrained | model_Eva_MAE | timestamped
7245882401.72399-f6c006bf-e6ff,brainmvp_pretrained_t1_2025-08-02_07-03-17,july_stratified_upenn_gbm_idh1_status_single_t1,T1,brainmvp,6e-05,4,200,200,0.5,,0.4511627852916717,0.4560628235340118,0.5202521085739136,,,,,0.5,0.4507042169570923,0.544394850730896,0.5401420593261719,pretrained | timestamped
7245319723.87309-9e2dabfb-9754,resenc_MDAE_pretrained_t1_2025-08-08_19-16-43,july_stratified_upenn_gbm_idh1_status_single_t1,T1,ResEncoder_Classifier,6e-05,4,200,200,0.5,,0.4511627852916717,0.4526264071464538,0.4895787835121155,,,,,0.5,0.4507042169570923,0.5029761791229248,0.523259699344635,pretrained | model_ResEncoder_Classifier | timestamped
7245353189.07733-1191c2e8-192b,resenc_MDAE_pretrained_t1_2025-08-08_10-00-00,july_stratified_upenn_gbm_idh1_status_single_t1,T1,ResEncoder_Classifier,0.0001,4,200,200,0.5,,0.4511627852916717,0.4516445696353912,0.4799849689006805,,,,,0.5,0.4507042169570923,0.5332341194152832,0.5199583172798157,pretrained | model_ResEncoder_Classifier | timestamped
7245353832.78050-0c8bd7b6-0b16,resenc_MDAE_pretrained_t1_2025-08-08_09-52-00,july_stratified_upenn_gbm_idh1_status_single_t1,T1,ResEncoder_Classifier,0.0001,4,200,200,0.5,,0.4511627852916717,0.4511536359786987,0.5219437479972839,,,,,0.5,0.4507042169570923,0.5907738208770752,0.5529153943061829,pretrained | model_ResEncoder_Classifier | timestamped
7245972026.75937-711bb91f-c57e,mri_core_pretrained_t2_2025-08-01_06-16-36,july_stratified_upenn_gbm_idh1_status_single_t2,T2,MRICore,0.0001,1,100,100,0.5,,0.4511627852916717,0.4484536051750183,0.4846252501010895,,,,,0.5,0.4507042169570923,0.5,0.5,pretrained | model_MRICore | mod_t2 | timestamped
7245739067.98933-131425fb-5bfa,mri_core_pretrained_t2_2025-08-03_22-54-09,july_stratified_upenn_gbm_idh1_status_single_t2,T2,MRICore,0.0001,1,100,100,0.5,,0.4511627852916717,0.4484536051750183,0.4846252501010895,,,,,0.5,0.4507042169570923,0.5,0.5,pretrained | model_MRICore | mod_t2 | timestamped
7245875031.59756-774dbae8-25da,resenc_time_conditioned_pretrained_t1_2025-08-02_09-01-09,july_stratified_upenn_gbm_idh1_status_single_t1,T1,ResEncTimeConditioned,8e-05,4,200,200,0.5,,0.4511627852916717,0.4479627013206482,0.5022478103637695,,,,,0.5,0.4507042169570923,0.4729662537574768,0.5021546483039856,pretrained | model_ResEncTimeConditioned | timestamped
7245318102.55276-fc258929-ddb5,resenc_MDAE_pretrained_t1_2025-08-08_19-44-12,july_stratified_upenn_gbm_idh1_status_single_t1,T1,ResEncoder_Classifier,6e-05,4,200,200,0.5,,0.4511627852916717,0.4447717368602752,0.4937325716018677,,,,,0.5,0.4507042169570923,0.4526289701461792,0.4812414944171905,pretrained | model_ResEncoder_Classifier | timestamped
7245692849.59940-c73f0445-0921,resenc_VF_pretrained_t1_2025-08-04_12-52-50,july_stratified_upenn_gbm_idh1_status_single_t1,T1,ResEncoder_Classifier,8e-05,4,200,200,0.4980363249778747,,0.477228432893753,0.4445262551307678,0.4902327060699463,,,,,0.5796130895614624,0.5943134427070618,0.596230149269104,0.601654052734375,pretrained | model_ResEncoder_Classifier | timestamped
7245353478.03325-dbc961a9-2c97,resenc_MDAE_pretrained_t1_2025-08-08_09-59-18,july_stratified_upenn_gbm_idh1_status_single_t1,T1,ResEncoder_Classifier,0.0001,4,200,200,0.5,,0.4511627852916717,0.4432989656925201,0.5065221190452576,,,,,0.5,0.4507042169570923,0.5947420597076416,0.5857968330383301,pretrained | model_ResEncoder_Classifier | timestamped
7245692813.11961-ad612c58-0e4a,resenc_VF_pretrained_t2_2025-08-04_13-44-28,july_stratified_upenn_gbm_idh1_status_single_t2,T2,ResEncoder_Classifier,8e-05,4,200,200,0.5,,0.4511627852916717,0.4401080012321472,0.4929863810539245,,,,,0.6168155074119568,0.6379950642585754,0.6726190447807312,0.65130615234375,pretrained | model_ResEncoder_Classifier | mod_t2 | timestamped
7245465110.89711-ad63628c-9206,eva_simmim_pretrained_t1_2025-08-07_02-53-57,july_stratified_upenn_gbm_idh1_status_single_t1,T1,Eva_MAE,0.0001,2,200,200,0.5,,0.4511627852916717,0.4359351992607116,0.4767258167266845,,,,,0.5,0.4507042169570923,0.4811508059501648,0.5000274181365967,pretrained | model_Eva_MAE | timestamped
7245353298.29752-ff9e2a61-d114,resenc_MDAE_pretrained_t1_2025-08-08_09-59-54,july_stratified_upenn_gbm_idh1_status_single_t1,T1,ResEncoder_Classifier,0.0001,4,200,200,0.5,,0.4511627852916717,0.4356897473335266,0.4908141493797302,,,,,0.5,0.4507042169570923,0.6341766119003296,0.5694859623908997,pretrained | model_ResEncoder_Classifier | timestamped
7245718577.18720-4ba351ed-3bb2,brainiac_pretrained_t2_2025-08-04_04-36-50,july_stratified_upenn_gbm_idh1_status_single_t2,T2,brainiac,6e-05,1,200,200,0.5,,0.4511627852916717,0.4351988136768341,0.4706572294235229,,,,,0.6279761791229248,0.6303551197052002,0.6925842761993408,0.6378878951072693,pretrained | mod_t2 | timestamped
7245353650.99787-006c16e8-ddff,resenc_MDAE_pretrained_t1_2025-08-08_09-47-43,july_stratified_upenn_gbm_idh1_status_single_t1,T1,ResEncoder_Classifier,0.0001,4,200,200,0.5,,0.4511627852916717,0.4334805905818939,0.4981378316879273,,,,,0.5,0.4507042169570923,0.5622519850730896,0.53950434923172,pretrained | model_ResEncoder_Classifier | timestamped
7245826225.27935-f469c737-18f4,resenc_time_conditioned_pretrained_t1_2025-08-02_22-40-05,july_stratified_upenn_gbm_idh1_status_single_t1,T1,ResEncTimeConditioned,6e-05,4,200,200,0.5,,0.4511627852916717,0.4329896867275238,0.4752970933914184,,,,,0.5,0.4507042169570923,0.5250495672225952,0.5403951406478882,pretrained | model_ResEncTimeConditioned | timestamped
7245971235.10640-8fb3a55e-a551,brainmvp_pretrained_t1_2025-08-01_06-25-52,july_stratified_upenn_gbm_idh1_status_single_t1,T1,brainmvp,0.0001,1,100,100,0.5,,0.4511627852916717,0.4315169155597687,0.4964824020862579,,,,,0.5,0.4507042169570923,0.5835813283920288,0.5659878849983215,pretrained | timestamped
7245461287.06241-f50bf024-3c66,eva_voco_pretrained_t1_2025-08-07_04-04-25,july_stratified_upenn_gbm_idh1_status_single_t1,T1,Eva_MAE,0.0001,2,200,200,0.5,,0.4511627852916717,0.4290623366832733,0.4939486384391784,,,,,0.5215774178504944,0.5131761431694031,0.5560516119003296,0.5319337844848633,pretrained | model_Eva_MAE | timestamped
7245738808.21375-6946bf93-31c1,resenc_pretrained_t1_2025-08-03_22-57-56,july_stratified_upenn_gbm_idh1_status_single_t1,T1,ResEncoder_Classifier,8e-05,1,200,200,0.5,,0.4511627852916717,0.427835077047348,0.4881830215454101,,,,,0.5,0.4507042169570923,0.567460298538208,0.625636637210846,pretrained | model_ResEncoder_Classifier | timestamped
7245740646.18815-64f0fca2-76dc,dinov2_pretrained_t1_2025-08-03_22-28-14,july_stratified_upenn_gbm_idh1_status_single_t1,T1,dinov2,8e-05,4,50,200,0.5,,0.4511627852916717,0.4241531491279602,0.4817756414413452,,,,,0.5,0.4507042169570923,0.44370037317276,0.4854776263236999,pretrained | timestamped
7245970447.36058-26da8a07-1c6f,resenc_time_conditioned_pretrained_t1_2025-08-01_06-31-20,july_stratified_upenn_gbm_idh1_status_single_t1,T1,ResEncTimeConditioned,0.0001,4,200,200,0.5,,0.4511627852916717,0.4236622452735901,0.489500343799591,,,,,0.5,0.4507042169570923,0.644345223903656,0.6000810861587524,pretrained | model_ResEncTimeConditioned | timestamped
7245718542.07816-2fece5a9-1723,brainiac_scratch_t1_2025-08-04_04-37-05,july_stratified_upenn_gbm_idh1_status_single_t1,T1,brainiac,6e-05,1,200,200,0.5,,0.4511627852916717,0.4236622452735901,0.4703175723552704,,,,,0.5,0.4507042169570923,0.4861111044883728,0.5100635290145874,scratch | timestamped
7245463838.04937-d1018627-c5c1,eva_swinunetr_pretrained_t1_2025-08-07_15-20-49,july_stratified_upenn_gbm_idh1_status_single_t1,T1,Eva_MAE,0.0001,2,200,200,0.5,,0.4511627852916717,0.4180167019367218,0.4876065254211426,,,,,0.4717261791229248,0.4569925665855408,0.4858630895614624,0.5144322514533997,pretrained | model_Eva_MAE | timestamped
7245318926.85709-463cc358-e04f,resenc_MDAE_pretrained_t1_2025-08-08_19-31-36,july_stratified_upenn_gbm_idh1_status_single_t1,T1,ResEncoder_Classifier,6e-05,4,200,200,0.5,,0.4511627852916717,0.4094256162643432,0.4821709096431732,,,,,0.5,0.4507042169570923,0.5178571343421936,0.5312479138374329,pretrained | model_ResEncoder_Classifier | timestamped
7245695217.95682-afd2e5cf-45a8,resenc_SimCLR_pretrained_t1_2025-08-04_11-04-40,july_stratified_upenn_gbm_idh1_status_single_t1,T1,ResEncoder_Classifier,8e-05,4,200,200,0.5,,0.4511627852916717,0.4064801335334778,0.485901802778244,,,,,0.5,0.4507042169570923,0.5798611044883728,0.5485836863517761,pretrained | model_ResEncoder_Classifier | timestamped
7245972051.63038-43c10eaf-9ae7,mri_core_pretrained_t1_2025-08-01_06-14-59,july_stratified_upenn_gbm_idh1_status_single_t1,T1,MRICore,0.0001,1,100,100,0.5,,0.4511627852916717,0.4052528142929077,0.4755626618862152,,,,,0.5,0.4507042169570923,0.4642857015132904,0.4915639758110046,pretrained | model_MRICore | timestamped
7245463820.39459-611c65be-4853,eva_mae_pretrained_t1_2025-08-07_03-22-34,july_stratified_upenn_gbm_idh1_status_single_t1,T1,Eva_MAE,0.0001,2,200,200,0.5,,0.4511627852916717,0.4045163989067077,0.4769858717918396,,,,,0.5,0.4507042169570923,0.59375,0.5996385216712952,pretrained | timestamped
7245353534.31341-ce8c48ad-3cfc,resenc_MDAE_pretrained_t1_2025-08-08_10-04-45,july_stratified_upenn_gbm_idh1_status_single_t1,T1,ResEncoder_Classifier,0.0001,4,200,200,0.5,,0.4511627852916717,0.4030436873435974,0.4838829338550568,,,,,0.4947916567325592,0.448113203048706,0.578125,0.5490390658378601,pretrained | model_ResEncoder_Classifier | timestamped
7245696758.74551-1db73e11-81df,resenc_SwinUNETR_pretrained_t1_2025-08-04_10-32-13,july_stratified_upenn_gbm_idh1_status_single_t1,T1,ResEncoder_Classifier,8e-05,4,200,200,0.5083456039428711,,0.4854976236820221,0.3858615756034851,0.4843112528324127,,,,,0.503720223903656,0.5024008750915527,0.4813988208770752,0.5245249271392822,pretrained | model_ResEncoder_Classifier | timestamped
7245462530.78538-ab89e589-f67e,eva_mg_pretrained_t1_2025-08-07_03-44-17,july_stratified_upenn_gbm_idh1_status_single_t1,T1,Eva_MAE,0.0001,2,200,200,0.5,,0.4511627852916717,0.3733431696891784,0.4619081020355224,,,,,0.5133928656578064,0.4892857074737549,0.4647817611694336,0.5152297616004944,pretrained | model_Eva_MAE | timestamped
7245355595.44230-71278b26-6a15,resenc_MDAE_pretrained_t1_2025-08-08_09-29-16,july_stratified_upenn_gbm_idh1_status_single_t1,T1,ResEncoder_Classifier,0.0001,4,200,200,0.5,,0.4511627852916717,0.3694157898426056,0.4679390788078308,,,,,0.5,0.4507042169570923,0.6036706566810608,0.5466821193695068,pretrained | model_ResEncoder_Classifier | timestamped
7245348114.92416-68f0ec9a-252a,resenc_MDAE_pretrained_t1_2025-08-08_11-28-10,july_stratified_upenn_gbm_idh1_status_single_t1,T1,ResEncoder_Classifier,0.0001,4,200,200,0.4516445696353912,,0.4427777826786041,0.3691703677177429,0.4767079353332519,,,,,0.4947916567325592,0.448113203048706,0.458085298538208,0.4999801218509674,pretrained | model_ResEncoder_Classifier | timestamped
7245354000.43350-3fcfc5fe-504c,resenc_MDAE_pretrained_t1_2025-08-08_09-51-44,july_stratified_upenn_gbm_idh1_status_single_t1,T1,ResEncoder_Classifier,0.0001,4,200,200,0.5,,0.4511627852916717,0.3573883175849914,0.4507799744606018,,,,,0.5,0.4507042169570923,0.6183035373687744,0.5967406630516052,pretrained | model_ResEncoder_Classifier | timestamped
7245883582.43217-3be67762-4dc6,resenc_time_conditioned_pretrained_t1_2025-08-02_06-39-14,july_stratified_upenn_gbm_idh1_status_single_t1,T1,ResEncTimeConditioned,6e-05,4,200,200,0.5,,0.4511627852916717,0.3532155156135559,0.4507367908954621,,,,,0.5,0.4507042169570923,0.525545597076416,0.5249793529510498,pretrained | model_ResEncTimeConditioned | timestamped
7245916724.37621-1e02b65e-60f5,resenc_time_conditioned_pretrained_t1_2025-08-01_21-27-31,july_stratified_upenn_gbm_idh1_status_single_t1,T1,ResEncTimeConditioned,6e-05,4,200,200,0.5,,0.4511627852916717,0.3519881963729858,0.4530991911888122,,,,,0.5,0.4507042169570923,0.4761904776096344,0.5551257729530334,pretrained | model_ResEncTimeConditioned | timestamped
7245819890.62177-7ea0608b-0183,resenc_time_conditioned_pretrained_t1_2025-08-03_00-20-24,july_stratified_upenn_gbm_idh1_status_single_t1,T1,ResEncTimeConditioned,8e-05,4,200,200,0.5,,0.4511627852916717,0.34683358669281,0.4492735266685486,,,,,0.5,0.4507042169570923,0.5332341194152832,0.5430440902709961,pretrained | model_ResEncTimeConditioned | timestamped
7245355357.15776-968f794d-c965,resenc_MDAE_pretrained_t1_2025-08-08_09-51-57,july_stratified_upenn_gbm_idh1_status_single_t1,T1,ResEncoder_Classifier,0.0001,4,200,200,0.5,,0.4511627852916717,0.2967599332332611,0.4317237138748169,,,,,0.5,0.4507042169570923,0.5148809552192688,0.5355566740036011,pretrained | model_ResEncoder_Classifier | timestamped
